SKU,Title,Description,Category,Price,Quantity,Condition,Brand,MPN,Website_Price,FBM_Price,Image_URL,Additional_Images,Tags
SKU0344,"MtioHig Cordless Heat Gun for Dewalt 20v Battery, Mtiolhig","MtioHig Cordless Heat Gun for Dewalt 20v Battery, Mtiolhig — Category: Tools & Hardware. Condition: New (Open Box). Includes all parts shown in photos.",Tools & Hardware,41.99,1,New – Open Box,,SKU0344,41.99,41.99,,,Tools & Hardware
SKU0344,"MtioHig Cordless Heat Gun for Dewalt 20v Battery, Mtiolhig","MtioHig Cordless Heat Gun for Dewalt 20v Battery, Mtiolhig — Category: Tools & Hardware. Condition: New (Open Box). Includes all parts shown in photos.",Tools & Hardware,41.99,1,New – Open Box,,SKU0344,41.99,41.99,,,Tools & Hardware
SKU0345,"AVID POWER Heat Gun, 1800W Heat Gun for Crafts, Shrink","AVID POWER Heat Gun, 1800W Heat Gun for Crafts, Shrink — Category: Tools & Hardware. Condition: New (Open Box). Includes all parts shown in photos.",Tools & Hardware,13.99,1,New – Open Box,,SKU0345,13.99,13.99,,,Tools & Hardware
SKU0345,"AVID POWER Heat Gun, 1800W Heat Gun for Crafts, Shrink","AVID POWER Heat Gun, 1800W Heat Gun for Crafts, Shrink — Category: Tools & Hardware. Condition: New (Open Box). Includes all parts shown in photos.",Tools & Hardware,13.99,1,New – Open Box,,SKU0345,13.99,13.99,,,Tools & Hardware
SKU0346,ETOOLAB HVLP Spray Paint Gun 700W，Paint Sprayers for,ETOOLAB HVLP Spray Paint Gun 700W，Paint Sprayers for — Category: Tools & Hardware. Condition: New (Open Box). Includes all parts shown in photos.,Tools & Hardware,30.79,1,New – Open Box,,SKU0346,30.79,30.79,,,Tools & Hardware
SKU0346,ETOOLAB HVLP Spray Paint Gun 700W，Paint Sprayers for,ETOOLAB HVLP Spray Paint Gun 700W，Paint Sprayers for — Category: Tools & Hardware. Condition: New (Open Box). Includes all parts shown in photos.,Tools & Hardware,30.79,1,New – Open Box,,SKU0346,30.79,30.79,,,Tools & Hardware
SKU0347,"BLACK+DECKER Electric Hand Saw, 3.4-Amp","BLACK+DECKER Electric Hand Saw, 3.4-Amp — Category: Tools & Hardware. Condition: New (Open Box). Includes all parts shown in photos.",Tools & Hardware,39.98,1,New – Open Box,,SKU0347,39.98,39.98,,,Tools & Hardware
SKU0347,"BLACK+DECKER Electric Hand Saw, 3.4-Amp","BLACK+DECKER Electric Hand Saw, 3.4-Amp — Category: Tools & Hardware. Condition: New (Open Box). Includes all parts shown in photos.",Tools & Hardware,39.98,1,New – Open Box,,SKU0347,39.98,39.98,,,Tools & Hardware
SKU0343,Coca-Cola Classic Coke Bottle 4L Mini Fridge w/ 12V DC,Coca-Cola Classic Coke Bottle 4L Mini Fridge w/ 12V DC — Category: Electronics & Small Appliances. Condition: New (Open Box). Includes all parts shown in photos.,Electronics & Small Appliances,29.81,1,New – Open Box,,SKU0343,29.81,29.81,,,Electronics & Small Appliances
SKU0342,mophie Wireless 10W Charging Pad,mophie Wireless 10W Charging Pad — Category: Miscellaneous. Condition: New (Open Box). Includes all parts shown in photos.,Miscellaneous,10.46,1,New – Open Box,,SKU0342,10.46,10.46,,,Miscellaneous
SKU0332,Amazon Brand – Stone & Beam Highland Modern Living,Amazon Brand – Stone & Beam Highland Modern Living — Category: Miscellaneous. Condition: New (Open Box). Includes all parts shown in photos.,Miscellaneous,24,1,New – Open Box,,SKU0332,24,24,,,Miscellaneous
SKU0333,"Lush Decor Linen Button Window Curtain Panel, Single, 40""","Lush Decor Linen Button Window Curtain Panel, Single, 40"" — Category: Bedding & Textiles. Condition: New (Open Box). Includes all parts shown in photos.",Bedding & Textiles,25.68,1,New – Open Box,,SKU0333,25.68,25.68,,,Bedding & Textiles
SKU0334,Set of 2 DriftAway Embroidered Curtains for Living Room,Set of 2 DriftAway Embroidered Curtains for Living Room — Category: Bedding & Textiles. Condition: New (Open Box). Includes all parts shown in photos.,Bedding & Textiles,39.19,1,New – Open Box,,SKU0334,39.19,39.19,,,Bedding & Textiles
SKU0335,HomeRoots Shiny Nickel/Silver Guita Wire Spheres Set of 3,HomeRoots Shiny Nickel/Silver Guita Wire Spheres Set of 3 — Category: Miscellaneous. Condition: New (Open Box). Includes all parts shown in photos.,Miscellaneous,26.52,1,New – Open Box,,SKU0335,26.52,26.52,,,Miscellaneous
SKU0336,Echelon Three Line Hotel Collection Euro Shams Pair,Echelon Three Line Hotel Collection Euro Shams Pair — Category: Bedding & Textiles. Condition: New (Open Box). Includes all parts shown in photos.,Bedding & Textiles,19.94,1,New – Open Box,,SKU0336,19.94,19.94,,,Bedding & Textiles
SKU0337,Set of 2 Glitzhome Knitted Polyester Red Christmas,Set of 2 Glitzhome Knitted Polyester Red Christmas — Category: Miscellaneous. Condition: New (Open Box). Includes all parts shown in photos.,Miscellaneous,32.19,1,New – Open Box,,SKU0337,32.19,32.19,,,Miscellaneous
SKU0338,VHC Brands Annie Buffalo Check Farmhouse Kitchen,VHC Brands Annie Buffalo Check Farmhouse Kitchen — Category: Miscellaneous. Condition: New (Open Box). Includes all parts shown in photos.,Miscellaneous,13.26,1,New – Open Box,,SKU0338,13.26,13.26,,,Miscellaneous
SKU0339,Nanshing Payton Grommet Sheer Curtain Panel Pair (Each,Nanshing Payton Grommet Sheer Curtain Panel Pair (Each — Category: Bedding & Textiles. Condition: New (Open Box). Includes all parts shown in photos.,Bedding & Textiles,25.89,1,New – Open Box,,SKU0339,25.89,25.89,,,Bedding & Textiles
SKU0340,Set of 3 Sweet Home Collection Pinch Pleat Kitchen Curtain,Set of 3 Sweet Home Collection Pinch Pleat Kitchen Curtain — Category: Bedding & Textiles. Condition: New (Open Box). Includes all parts shown in photos.,Bedding & Textiles,31.48,1,New – Open Box,,SKU0340,31.48,31.48,,,Bedding & Textiles
SKU0341,"Croscill Nomad Shower Curtain, Blue","Croscill Nomad Shower Curtain, Blue — Category: Bedding & Textiles. Condition: New (Open Box). Includes all parts shown in photos.",Bedding & Textiles,31.49,1,New – Open Box,,SKU0341,31.49,31.49,,,Bedding & Textiles
SKU0331,SwitchBot Automatic Curtain Opener - Bluetooth Remote,SwitchBot Automatic Curtain Opener - Bluetooth Remote — Category: Bedding & Textiles. Condition: New (Open Box). Includes all parts shown in photos.,Bedding & Textiles,4.5,1,New – Open Box,,SKU0331,4.5,4.5,,,Bedding & Textiles
SKU0330,"Handheld Steam Cleaner, Steamer for Cleaning, 10 in 1","Handheld Steam Cleaner, Steamer for Cleaning, 10 in 1 — Category: Miscellaneous. Condition: New (Open Box). Includes all parts shown in photos.",Miscellaneous,13.5,1,New – Open Box,,SKU0330,13.5,13.5,,,Miscellaneous
SKU0327,"Petique 5-in-1 PET CARRIER, Features: Rolling, Top","Petique 5-in-1 PET CARRIER, Features: Rolling, Top — Category: Pet Supplies. Condition: New (Open Box). Includes all parts shown in photos.",Pet Supplies,84.78,1,New – Open Box,,SKU0327,84.78,84.78,,,Pet Supplies
SKU0327,"Petique 5-in-1 PET CARRIER, Features: Rolling, Top","Petique 5-in-1 PET CARRIER, Features: Rolling, Top — Category: Pet Supplies. Condition: New (Open Box). Includes all parts shown in photos.",Pet Supplies,84.78,1,New – Open Box,,SKU0327,84.78,84.78,,,Pet Supplies
SKU0328,"STUAA Boho Comforter Set, Washed Microfiber Blue Queen","STUAA Boho Comforter Set, Washed Microfiber Blue Queen — Category: Bedding & Textiles. Condition: New (Open Box). Includes all parts shown in photos.",Bedding & Textiles,27.99,1,New – Open Box,,SKU0328,27.99,27.99,,,Bedding & Textiles
SKU0328,"STUAA Boho Comforter Set, Washed Microfiber Blue Queen","STUAA Boho Comforter Set, Washed Microfiber Blue Queen — Category: Bedding & Textiles. Condition: New (Open Box). Includes all parts shown in photos.",Bedding & Textiles,27.99,1,New – Open Box,,SKU0328,27.99,27.99,,,Bedding & Textiles
SKU0329,Amazon Basics Room Darkening Blackout Window Curtain,Amazon Basics Room Darkening Blackout Window Curtain — Category: Bedding & Textiles. Condition: New (Open Box). Includes all parts shown in photos.,Bedding & Textiles,22.89,1,New – Open Box,,SKU0329,22.89,22.89,,,Bedding & Textiles
SKU0329,Amazon Basics Room Darkening Blackout Window Curtain,Amazon Basics Room Darkening Blackout Window Curtain — Category: Bedding & Textiles. Condition: New (Open Box). Includes all parts shown in photos.,Bedding & Textiles,22.89,1,New – Open Box,,SKU0329,22.89,22.89,,,Bedding & Textiles
SKU0325,Grid Arched 2-Tier Basket Server Bowls for Storage,Grid Arched 2-Tier Basket Server Bowls for Storage — Category: Home Decor. Condition: New (Open Box). Includes all parts shown in photos.,Home Decor,19.08,1,New – Open Box,,SKU0325,19.08,19.08,,,Home Decor
SKU0326,Set of 3 Painted Glasses,Set of 3 Painted Glasses — Category: Miscellaneous. Condition: New (Open Box). Includes all parts shown in photos.,Miscellaneous,1.5,1,New – Open Box,,SKU0326,1.5,1.5,,,Miscellaneous
SKU0304,"iwillink 48 Port, RJ45 Through Coupler Cat6 Patch Panel, 2U","iwillink 48 Port, RJ45 Through Coupler Cat6 Patch Panel, 2U — Category: Pet Supplies. Condition: New (Open Box). Includes all parts shown in photos.",Pet Supplies,53.19,1,New – Open Box,,SKU0304,53.19,53.19,,,Pet Supplies
SKU0305,"Neewer Heavy Duty Light Stand with Casters, Adjustable","Neewer Heavy Duty Light Stand with Casters, Adjustable — Category: Lighting & Electrical. Condition: New (Open Box). Includes all parts shown in photos.",Lighting & Electrical,111.99,1,New – Open Box,,SKU0305,111.99,111.99,,,Lighting & Electrical
SKU0306,Madison Park Pansy Grey Tufted Chenille Bedding,Madison Park Pansy Grey Tufted Chenille Bedding — Category: Bedding & Textiles. Condition: New (Open Box). Includes all parts shown in photos.,Bedding & Textiles,19.5,1,New – Open Box,,SKU0306,19.5,19.5,,,Bedding & Textiles
SKU0307,Wall Sconce,Wall Sconce — Category: Lighting & Electrical. Condition: New (Open Box). Includes all parts shown in photos.,Lighting & Electrical,12,1,New – Open Box,,SKU0307,12,12,,,Lighting & Electrical
SKU0308,2 Pack Vantage 14.875-in W x 62.875-in H Charcoal Exterior,2 Pack Vantage 14.875-in W x 62.875-in H Charcoal Exterior — Category: Miscellaneous. Condition: New (Open Box). Includes all parts shown in photos.,Miscellaneous,70.21,1,New – Open Box,,SKU0308,70.21,70.21,,,Miscellaneous
SKU0309,"JOPHUN Handrails for Outdoor, Garden, Yard or Porch","JOPHUN Handrails for Outdoor, Garden, Yard or Porch — Category: Miscellaneous. Condition: New (Open Box). Includes all parts shown in photos.",Miscellaneous,9,1,New – Open Box,,SKU0309,9,9,,,Miscellaneous
SKU0310,"Regency Fusion Wire Management C-Leg Base, Black","Regency Fusion Wire Management C-Leg Base, Black — Category: Miscellaneous. Condition: New (Open Box). Includes all parts shown in photos.",Miscellaneous,110.32,1,New – Open Box,,SKU0310,110.32,110.32,,,Miscellaneous
SKU0311,MSI 12 In. X 24 In. Heavy Duty Carbon Matte Floor And Wall,MSI 12 In. X 24 In. Heavy Duty Carbon Matte Floor And Wall — Category: Bedding & Textiles. Condition: New (Open Box). Includes all parts shown in photos.,Bedding & Textiles,47.24,1,New – Open Box,,SKU0311,47.24,47.24,,,Bedding & Textiles
SKU0312,11x14 Picture Frame Blue (1 Pack),11x14 Picture Frame Blue (1 Pack) — Category: Home Decor. Condition: New (Open Box). Includes all parts shown in photos.,Home Decor,4.5,1,New – Open Box,,SKU0312,4.5,4.5,,,Home Decor
SKU0313,Humble + Haute Sunbrella Canvas Navy Seat Cushion,Humble + Haute Sunbrella Canvas Navy Seat Cushion — Category: Home Decor. Condition: New (Open Box). Includes all parts shown in photos.,Home Decor,4.5,1,New – Open Box,,SKU0313,4.5,4.5,,,Home Decor
SKU0314,Dorman 749-508 Front Driver Side Power Window Regulator,Dorman 749-508 Front Driver Side Power Window Regulator — Category: Tools & Hardware. Condition: New (Open Box). Includes all parts shown in photos.,Tools & Hardware,33.33,1,New – Open Box,,SKU0314,33.33,33.33,,,Tools & Hardware
SKU0315,Welcome Seashell | All Weather Heavy Duty Mat | 100%,Welcome Seashell | All Weather Heavy Duty Mat | 100% — Category: Bedding & Textiles. Condition: New (Open Box). Includes all parts shown in photos.,Bedding & Textiles,17.49,1,New – Open Box,,SKU0315,17.49,17.49,,,Bedding & Textiles
SKU0316,8 Pack Black LED Wall Sconce Indoor Cool White 6000K,8 Pack Black LED Wall Sconce Indoor Cool White 6000K — Category: Lighting & Electrical. Condition: New (Open Box). Includes all parts shown in photos.,Lighting & Electrical,123.19,1,New – Open Box,,SKU0316,123.19,123.19,,,Lighting & Electrical
SKU0317,Kichler Lighting Telford Collection 3-light Brushed Nickel,Kichler Lighting Telford Collection 3-light Brushed Nickel — Category: Lighting & Electrical. Condition: New (Open Box). Includes all parts shown in photos.,Lighting & Electrical,76.96,1,New – Open Box,,SKU0317,76.96,76.96,,,Lighting & Electrical
SKU0318,Lyndel Modern 3 Foot Faux Fur Bean Bag Chair Cover,Lyndel Modern 3 Foot Faux Fur Bean Bag Chair Cover — Category: Furniture. Condition: New (Open Box). Includes all parts shown in photos.,Furniture,18,1,New – Open Box,,SKU0318,18,18,,,Furniture
SKU0319,Depuley 4-Lights Chandelier,Depuley 4-Lights Chandelier — Category: Lighting & Electrical. Condition: New (Open Box). Includes all parts shown in photos.,Lighting & Electrical,19.5,1,New – Open Box,,SKU0319,19.5,19.5,,,Lighting & Electrical
SKU0290,Black Wall Mounted Mirror,Black Wall Mounted Mirror — Category: Home Decor. Condition: New (Open Box). Includes all parts shown in photos.,Home Decor,9,1,New – Open Box,,SKU0290,9,9,,,Home Decor
SKU0320,Pet Door,Pet Door — Category: Pet Supplies. Condition: New (Open Box). Includes all parts shown in photos.,Pet Supplies,10.5,1,New – Open Box,,SKU0320,10.5,10.5,,,Pet Supplies
SKU0321,Large Mouse Pad,Large Mouse Pad — Category: Miscellaneous. Condition: New (Open Box). Includes all parts shown in photos.,Miscellaneous,9,1,New – Open Box,,SKU0321,9,9,,,Miscellaneous
SKU0322,Siersoe Wall Mirror,Siersoe Wall Mirror — Category: Home Decor. Condition: New (Open Box). Includes all parts shown in photos.,Home Decor,7.5,1,New – Open Box,,SKU0322,7.5,7.5,,,Home Decor
SKU0323,"Rear Bike Rack Cargo Rack, Easy Installation","Rear Bike Rack Cargo Rack, Easy Installation — Category: Miscellaneous. Condition: New (Open Box). Includes all parts shown in photos.",Miscellaneous,7.5,1,New – Open Box,,SKU0323,7.5,7.5,,,Miscellaneous
SKU0324,Floor Mats & Cargo Liner for 2024 2025 Lincoln Nautilus All,Floor Mats & Cargo Liner for 2024 2025 Lincoln Nautilus All — Category: Automotive. Condition: New (Open Box). Includes all parts shown in photos.,Automotive,118.3,1,New – Open Box,,SKU0324,118.3,118.3,,,Automotive
SKU0302,"FunStick 36"" x 200"" Charcoal Black Contact Paper Solid Black","FunStick 36"" x 200"" Charcoal Black Contact Paper Solid Black — Category: Miscellaneous. Condition: New (Open Box). Includes all parts shown in photos.",Miscellaneous,40.59,1,New – Open Box,,SKU0302,40.59,40.59,,,Miscellaneous
SKU0303,Set of 4 Hub Caps,Set of 4 Hub Caps — Category: Miscellaneous. Condition: New (Open Box). Includes all parts shown in photos.,Miscellaneous,6,1,New – Open Box,,SKU0303,6,6,,,Miscellaneous
SKU0280,"Panana Trolley Folding Cart Heavy Duty Hand Truck, Dolly","Panana Trolley Folding Cart Heavy Duty Hand Truck, Dolly — Category: Miscellaneous. Condition: New (Open Box). Includes all parts shown in photos.",Miscellaneous,38.49,1,New – Open Box,,SKU0280,38.49,38.49,,,Miscellaneous
SKU0281,Beams MB3000 High Performance 500 Lumen Wireless,Beams MB3000 High Performance 500 Lumen Wireless — Category: Miscellaneous. Condition: New (Open Box). Includes all parts shown in photos.,Miscellaneous,27.99,1,New – Open Box,,SKU0281,27.99,27.99,,,Miscellaneous
SKU0282,Long LED Light Bar,Long LED Light Bar — Category: Lighting & Electrical. Condition: New (Open Box). Includes all parts shown in photos.,Lighting & Electrical,45.02,1,New – Open Box,,SKU0282,45.02,45.02,,,Lighting & Electrical
SKU0283,SHINHYE Tent,SHINHYE Tent — Category: Miscellaneous. Condition: New (Open Box). Includes all parts shown in photos.,Miscellaneous,16.14,1,New – Open Box,,SKU0283,16.14,16.14,,,Miscellaneous
SKU0284,"LazBlinds Cordless Roller Shades 45""Wx72""H Beige","LazBlinds Cordless Roller Shades 45""Wx72""H Beige — Category: Window Treatments. Condition: New (Open Box). Includes all parts shown in photos.",Window Treatments,37.79,1,New – Open Box,,SKU0284,37.79,37.79,,,Window Treatments
SKU0285,Privacy Fence Screen Modern & Modular,Privacy Fence Screen Modern & Modular — Category: Miscellaneous. Condition: New (Open Box). Includes all parts shown in photos.,Miscellaneous,15,1,New – Open Box,,SKU0285,15,15,,,Miscellaneous
SKU0286,"Golden Lighting 3602-14 AB-WH Duncan Flush Mount, Aged","Golden Lighting 3602-14 AB-WH Duncan Flush Mount, Aged — Category: Lighting & Electrical. Condition: New (Open Box). Includes all parts shown in photos.",Lighting & Electrical,69.3,1,New – Open Box,,SKU0286,69.3,69.3,,,Lighting & Electrical
SKU0287,Light Society Montreal Oil Rubbed Bronze Wall Sconce with,Light Society Montreal Oil Rubbed Bronze Wall Sconce with — Category: Lighting & Electrical. Condition: New (Open Box). Includes all parts shown in photos.,Lighting & Electrical,19.18,1,New – Open Box,,SKU0287,19.18,19.18,,,Lighting & Electrical
SKU0288,Intel/Shade Honeycomb Blind,Intel/Shade Honeycomb Blind — Category: Window Treatments. Condition: New (Open Box). Includes all parts shown in photos.,Window Treatments,7.5,1,New – Open Box,,SKU0288,7.5,7.5,,,Window Treatments
SKU0289,"White Matte Peel and Stick Wallpaper, Self-Adhesive","White Matte Peel and Stick Wallpaper, Self-Adhesive — Category: Bedding & Textiles. Condition: New (Open Box). Includes all parts shown in photos.",Bedding & Textiles,27.99,1,New – Open Box,,SKU0289,27.99,27.99,,,Bedding & Textiles
SKU0290,Black Wall Mounted Mirror,Black Wall Mounted Mirror — Category: Home Decor. Condition: New (Open Box). Includes all parts shown in photos.,Home Decor,7.5,1,New – Open Box,,SKU0290,7.5,7.5,,,Home Decor
SKU0291,RIVER OF GOODS 52 Inch LED Modern Farmhouse Ceiling,RIVER OF GOODS 52 Inch LED Modern Farmhouse Ceiling — Category: Miscellaneous. Condition: New (Open Box). Includes all parts shown in photos.,Miscellaneous,132.99,1,New – Open Box,,SKU0291,132.99,132.99,,,Miscellaneous
SKU0292,Vessel Sink,Vessel Sink — Category: Miscellaneous. Condition: New (Open Box). Includes all parts shown in photos.,Miscellaneous,13.5,1,New – Open Box,,SKU0292,13.5,13.5,,,Miscellaneous
SKU0293,Eridanus Denbigh 19 in. x 14 in. Modern Crisp White,Eridanus Denbigh 19 in. x 14 in. Modern Crisp White — Category: Miscellaneous. Condition: New (Open Box). Includes all parts shown in photos.,Miscellaneous,45.95,1,New – Open Box,,SKU0293,45.95,45.95,,,Miscellaneous
SKU0294,JXCRAFT Car Floor Mats,JXCRAFT Car Floor Mats — Category: Automotive. Condition: New (Open Box). Includes all parts shown in photos.,Automotive,7.5,1,New – Open Box,,SKU0294,7.5,7.5,,,Automotive
SKU0295,"Set of 2 Modern LED Picture Lights 24.4 inch, Antique","Set of 2 Modern LED Picture Lights 24.4 inch, Antique — Category: Lighting & Electrical. Condition: New (Open Box). Includes all parts shown in photos.",Lighting & Electrical,96.43,1,New – Open Box,,SKU0295,96.43,96.43,,,Lighting & Electrical
SKU0296,DANSEER Lighting Modern Crystal Ceiling Light Fixture with,DANSEER Lighting Modern Crystal Ceiling Light Fixture with — Category: Lighting & Electrical. Condition: New (Open Box). Includes all parts shown in photos.,Lighting & Electrical,111.3,1,New – Open Box,,SKU0296,111.3,111.3,,,Lighting & Electrical
SKU0297,Hand Cart,Hand Cart — Category: Miscellaneous. Condition: New (Open Box). Includes all parts shown in photos.,Miscellaneous,15,1,New – Open Box,,SKU0297,15,15,,,Miscellaneous
SKU0298,BENOSS Vacuum Stand Stable Metal Bracket Stand Holder,BENOSS Vacuum Stand Stable Metal Bracket Stand Holder — Category: Furniture. Condition: New (Open Box). Includes all parts shown in photos.,Furniture,32.89,1,New – Open Box,,SKU0298,32.89,32.89,,,Furniture
SKU0299,"miliboo Heavy Duty Tripod for Camera,Video Tripod with","miliboo Heavy Duty Tripod for Camera,Video Tripod with — Category: Tools & Hardware. Condition: New (Open Box). Includes all parts shown in photos.",Tools & Hardware,244.3,1,New – Open Box,,SKU0299,244.3,244.3,,,Tools & Hardware
SKU0300,CXWXC Bike Repair Stand -Shop Home Bicycle Mechanic,CXWXC Bike Repair Stand -Shop Home Bicycle Mechanic — Category: Tools & Hardware. Condition: New (Open Box). Includes all parts shown in photos.,Tools & Hardware,67.89,1,New – Open Box,,SKU0300,67.89,67.89,,,Tools & Hardware
SKU0301,"Lusper Weight Bench for Home Gym, Adjustable and","Lusper Weight Bench for Home Gym, Adjustable and — Category: Furniture. Condition: New (Open Box). Includes all parts shown in photos.",Furniture,48.99,1,New – Open Box,,SKU0301,48.99,48.99,,,Furniture
SKU0275,Bamboo Floating Nightstand with Drawer & Open Shelf -,Bamboo Floating Nightstand with Drawer & Open Shelf - — Category: Furniture. Condition: New (Open Box). Includes all parts shown in photos.,Furniture,54.59,1,New – Open Box,,SKU0275,54.59,54.59,,,Furniture
SKU0276,Pet Ramp for Dogs and Cats,Pet Ramp for Dogs and Cats — Category: Pet Supplies. Condition: New (Open Box). Includes all parts shown in photos.,Pet Supplies,12,1,New – Open Box,,SKU0276,12,12,,,Pet Supplies
SKU0277,Boho Patio Umbrella with Fringe Outdoor Small Table Market,Boho Patio Umbrella with Fringe Outdoor Small Table Market — Category: Furniture. Condition: New (Open Box). Includes all parts shown in photos.,Furniture,55.99,1,New – Open Box,,SKU0277,55.99,55.99,,,Furniture
SKU0278,PetThem Dog Ramp for Car -PetThem Folding Pet Steps for,PetThem Dog Ramp for Car -PetThem Folding Pet Steps for — Category: Pet Supplies. Condition: New (Open Box). Includes all parts shown in photos.,Pet Supplies,69.99,1,New – Open Box,,SKU0278,69.99,69.99,,,Pet Supplies
SKU0279,Foho Vacuum Stand,Foho Vacuum Stand — Category: Miscellaneous. Condition: New (Open Box). Includes all parts shown in photos.,Miscellaneous,30.09,1,New – Open Box,,SKU0279,30.09,30.09,,,Miscellaneous
SKU0271,"6-Light Orb Chandelier, Black Globe Pendant Light Fixtures,","6-Light Orb Chandelier, Black Globe Pendant Light Fixtures, — Category: Lighting & Electrical. Condition: New (Open Box). Includes all parts shown in photos.",Lighting & Electrical,76.99,1,New – Open Box,,SKU0271,76.99,76.99,,,Lighting & Electrical
SKU0272,Dayao Toilet Seat,Dayao Toilet Seat — Category: Miscellaneous. Condition: New (Open Box). Includes all parts shown in photos.,Miscellaneous,3,1,New – Open Box,,SKU0272,3,3,,,Miscellaneous
SKU0273,Deynite Industrial Pendant Light Fixtures Black Schoolhouse,Deynite Industrial Pendant Light Fixtures Black Schoolhouse — Category: Lighting & Electrical. Condition: New (Open Box). Includes all parts shown in photos.,Lighting & Electrical,83.3,1,New – Open Box,,SKU0273,83.3,83.3,,,Lighting & Electrical
SKU0274,"1 Inch Modern Double Window Curtain Rods,72-144 Inch","1 Inch Modern Double Window Curtain Rods,72-144 Inch — Category: Bedding & Textiles. Condition: New (Open Box). Includes all parts shown in photos.",Bedding & Textiles,32.19,1,New – Open Box,,SKU0274,32.19,32.19,,,Bedding & Textiles
SKU0268,Suzzipaws Enclosed Stainless Steel Cat Litter Box Extra,Suzzipaws Enclosed Stainless Steel Cat Litter Box Extra — Category: Pet Supplies. Condition: New (Open Box). Includes all parts shown in photos.,Pet Supplies,90.99,1,New – Open Box,,SKU0268,90.99,90.99,,,Pet Supplies
SKU0269,"MODE Farmhouse Collection 1 1/8"" Diameter Curtain Rod Set","MODE Farmhouse Collection 1 1/8"" Diameter Curtain Rod Set — Category: Bedding & Textiles. Condition: New (Open Box). Includes all parts shown in photos.",Bedding & Textiles,33.59,1,New – Open Box,,SKU0269,33.59,33.59,,,Bedding & Textiles
SKU0270,Easy-Going 3 Pieces Stretch Soft Couch Cover for Dogs -,Easy-Going 3 Pieces Stretch Soft Couch Cover for Dogs - — Category: Pet Supplies. Condition: New (Open Box). Includes all parts shown in photos.,Pet Supplies,27.29,1,New – Open Box,,SKU0270,27.29,27.29,,,Pet Supplies
SKU0251,10ft x 10ft Square Backdrop Stand,10ft x 10ft Square Backdrop Stand — Category: Miscellaneous. Condition: New (Open Box). Includes all parts shown in photos.,Miscellaneous,15,1,New – Open Box,,SKU0251,15,15,,,Miscellaneous
SKU0252,"Wake In Cloud - Plaid Pillow Cases, 100% Washed Cotton,","Wake In Cloud - Plaid Pillow Cases, 100% Washed Cotton, — Category: Bedding & Textiles. Condition: New (Open Box). Includes all parts shown in photos.",Bedding & Textiles,12.59,1,New – Open Box,,SKU0252,12.59,12.59,,,Bedding & Textiles
SKU0253,Queen Size Mattress Pad,Queen Size Mattress Pad — Category: Bedding & Textiles. Condition: New (Open Box). Includes all parts shown in photos.,Bedding & Textiles,13.5,1,New – Open Box,,SKU0253,13.5,13.5,,,Bedding & Textiles
SKU0254,"TONOR Bilayer Acoustic Panels Large Self-adhesive,","TONOR Bilayer Acoustic Panels Large Self-adhesive, — Category: Miscellaneous. Condition: New (Open Box). Includes all parts shown in photos.",Miscellaneous,79.09,1,New – Open Box,,SKU0254,79.09,79.09,,,Miscellaneous
SKU0255,"C Sofa Side End Table, TV Tray Table, C Shaped Snack","C Sofa Side End Table, TV Tray Table, C Shaped Snack — Category: Furniture. Condition: New (Open Box). Includes all parts shown in photos.",Furniture,20.96,1,New – Open Box,,SKU0255,20.96,20.96,,,Furniture
SKU0256,T8 LED Tube Light with R17D Rotatable Base,T8 LED Tube Light with R17D Rotatable Base — Category: Lighting & Electrical. Condition: New (Open Box). Includes all parts shown in photos.,Lighting & Electrical,7.5,1,New – Open Box,,SKU0256,7.5,7.5,,,Lighting & Electrical
SKU0257,No Tools - No Drill Cordless Mini Blinds,No Tools - No Drill Cordless Mini Blinds — Category: Tools & Hardware. Condition: New (Open Box). Includes all parts shown in photos.,Tools & Hardware,1.5,1,New – Open Box,,SKU0257,1.5,1.5,,,Tools & Hardware
SKU0245,Precedent LED Light Kit,Precedent LED Light Kit — Category: Lighting & Electrical. Condition: New (Open Box). Includes all parts shown in photos.,Lighting & Electrical,7.5,1,New – Open Box,,SKU0245,7.5,7.5,,,Lighting & Electrical
SKU0258,"FITUEYES Black Floating TV Stand Wall Mounted, Floating","FITUEYES Black Floating TV Stand Wall Mounted, Floating — Category: Electronics & Small Appliances. Condition: New (Open Box). Includes all parts shown in photos.",Electronics & Small Appliances,48.99,1,New – Open Box,,SKU0258,48.99,48.99,,,Electronics & Small Appliances
SKU0259,A-Premium Front Hood Lift Supports Shock Struts,A-Premium Front Hood Lift Supports Shock Struts — Category: Miscellaneous. Condition: New (Open Box). Includes all parts shown in photos.,Miscellaneous,13.29,1,New – Open Box,,SKU0259,13.29,13.29,,,Miscellaneous
SKU0260,A-Premium Mystery Car Accessory for Front Right,A-Premium Mystery Car Accessory for Front Right — Category: Miscellaneous. Condition: New (Open Box). Includes all parts shown in photos.,Miscellaneous,1.5,1,New – Open Box,,SKU0260,1.5,1.5,,,Miscellaneous
SKU0261,Pendant Light,Pendant Light — Category: Lighting & Electrical. Condition: New (Open Box). Includes all parts shown in photos.,Lighting & Electrical,1.5,1,New – Open Box,,SKU0261,1.5,1.5,,,Lighting & Electrical
SKU0262,"Depuley Modern Ceiling Fan No Light with Remote,","Depuley Modern Ceiling Fan No Light with Remote, — Category: Lighting & Electrical. Condition: New (Open Box). Includes all parts shown in photos.",Lighting & Electrical,125.99,1,New – Open Box,,SKU0262,125.99,125.99,,,Lighting & Electrical
SKU0263,RGB No Wiring Required Battery-Powered Wall Light,RGB No Wiring Required Battery-Powered Wall Light — Category: Lighting & Electrical. Condition: New (Open Box). Includes all parts shown in photos.,Lighting & Electrical,15,1,New – Open Box,,SKU0263,15,15,,,Lighting & Electrical
SKU0264,"Lotus & Windoware Cordless, 2 Inch Faux Wood Blind, 34""","Lotus & Windoware Cordless, 2 Inch Faux Wood Blind, 34"" — Category: Window Treatments. Condition: New (Open Box). Includes all parts shown in photos.",Window Treatments,32.19,1,New – Open Box,,SKU0264,32.19,32.19,,,Window Treatments
SKU0265,SaniteModar Linear Shower Drain,SaniteModar Linear Shower Drain — Category: Miscellaneous. Condition: New (Open Box). Includes all parts shown in photos.,Miscellaneous,1.5,1,New – Open Box,,SKU0265,1.5,1.5,,,Miscellaneous
SKU0266,Auto Ventshade [AVS] Outside Mount Ventvisor / Rain,Auto Ventshade [AVS] Outside Mount Ventvisor / Rain — Category: Automotive. Condition: New (Open Box). Includes all parts shown in photos.,Automotive,48.07,1,New – Open Box,,SKU0266,48.07,48.07,,,Automotive
SKU0267,"Bike Trainer, Magnetic Bicycle Stationary Stand for Indoor","Bike Trainer, Magnetic Bicycle Stationary Stand for Indoor — Category: Miscellaneous. Condition: New (Open Box). Includes all parts shown in photos.",Miscellaneous,83.99,1,New – Open Box,,SKU0267,83.99,83.99,,,Miscellaneous
SKU0246,Outdoor Roller Shade,Outdoor Roller Shade — Category: Window Treatments. Condition: New (Open Box). Includes all parts shown in photos.,Window Treatments,10.5,1,New – Open Box,,SKU0246,10.5,10.5,,,Window Treatments
SKU0247,27-Inch 1080P Portable TouchScreen Monitor Smart Rolling,27-Inch 1080P Portable TouchScreen Monitor Smart Rolling — Category: Furniture. Condition: New (Open Box). Includes all parts shown in photos.,Furniture,419.3,1,New – Open Box,,SKU0247,419.3,419.3,,,Furniture
SKU0248,LED Ceiling Spotlight Dimmable12W 3CCT,LED Ceiling Spotlight Dimmable12W 3CCT — Category: Lighting & Electrical. Condition: New (Open Box). Includes all parts shown in photos.,Lighting & Electrical,20.29,1,New – Open Box,,SKU0248,20.29,20.29,,,Lighting & Electrical
SKU0249,Kipika Heavy Duty Ceiling Mounted Pull-up Bar Workout,Kipika Heavy Duty Ceiling Mounted Pull-up Bar Workout — Category: Miscellaneous. Condition: New (Open Box). Includes all parts shown in photos.,Miscellaneous,7.5,1,New – Open Box,,SKU0249,7.5,7.5,,,Miscellaneous
SKU0250,Souart Bathroom Vanity Lights,Souart Bathroom Vanity Lights — Category: Lighting & Electrical. Condition: New (Open Box). Includes all parts shown in photos.,Lighting & Electrical,69.16,1,New – Open Box,,SKU0250,69.16,69.16,,,Lighting & Electrical
SKU0216,Valve Cover - Compatible with 2012 - 2017 Hyundai Accent,Valve Cover - Compatible with 2012 - 2017 Hyundai Accent — Category: Miscellaneous. Condition: New (Open Box). Includes all parts shown in photos.,Miscellaneous,69.96,1,New – Open Box,,SKU0216,69.96,69.96,,,Miscellaneous
SKU0217,A-Premium A/C Compressor for Hyundai Accent,A-Premium A/C Compressor for Hyundai Accent — Category: Automotive. Condition: New (Open Box). Includes all parts shown in photos.,Automotive,157.49,1,New – Open Box,,SKU0217,157.49,157.49,,,Automotive
SKU0218,Window Deflectors,Window Deflectors — Category: Automotive. Condition: New (Open Box). Includes all parts shown in photos.,Automotive,1.5,1,New – Open Box,,SKU0218,1.5,1.5,,,Automotive
SKU0219,Flexible Side Window Deflectors,Flexible Side Window Deflectors — Category: Automotive. Condition: New (Open Box). Includes all parts shown in photos.,Automotive,1.5,1,New – Open Box,,SKU0219,1.5,1.5,,,Automotive
SKU0220,Art3D 3D Wall Panels 12 Tiles,Art3D 3D Wall Panels 12 Tiles — Category: Home Decor. Condition: New (Open Box). Includes all parts shown in photos.,Home Decor,6,1,New – Open Box,,SKU0220,6,6,,,Home Decor
SKU0219,Flexible Side Window Deflectors,Flexible Side Window Deflectors — Category: Automotive. Condition: New (Open Box). Includes all parts shown in photos.,Automotive,1.5,1,New – Open Box,,SKU0219,1.5,1.5,,,Automotive
SKU0221,Bamboo Partition Black 4 Panel,Bamboo Partition Black 4 Panel — Category: Miscellaneous. Condition: New (Open Box). Includes all parts shown in photos.,Miscellaneous,6,1,New – Open Box,,SKU0221,6,6,,,Miscellaneous
SKU0222,"Room Divider, 4 Panel Folding Privacy Screens with Wider","Room Divider, 4 Panel Folding Privacy Screens with Wider — Category: Miscellaneous. Condition: New (Open Box). Includes all parts shown in photos.",Miscellaneous,42.69,1,New – Open Box,,SKU0222,42.69,42.69,,,Miscellaneous
SKU0223,"1 Inch Curtain Rods (72"" to 144"")","1 Inch Curtain Rods (72"" to 144"") — Category: Bedding & Textiles. Condition: New (Open Box). Includes all parts shown in photos.",Bedding & Textiles,3,1,New – Open Box,,SKU0223,3,3,,,Bedding & Textiles
SKU0224,"Anmytek Rattan Cabinet, 2 Door Sideboard Buffet Cabinet","Anmytek Rattan Cabinet, 2 Door Sideboard Buffet Cabinet — Category: Furniture. Condition: New (Open Box). Includes all parts shown in photos.",Furniture,88.89,1,New – Open Box,,SKU0224,88.89,88.89,,,Furniture
SKU0225,"PULUZ Portable Photo Studio Light Box, 16x16 inch","PULUZ Portable Photo Studio Light Box, 16x16 inch — Category: Lighting & Electrical. Condition: New (Open Box). Includes all parts shown in photos.",Lighting & Electrical,69.99,1,New – Open Box,,SKU0225,69.99,69.99,,,Lighting & Electrical
SKU0226,"AVSIILE Linear Shower Floor Drain, Bathroom Drains Kit,","AVSIILE Linear Shower Floor Drain, Bathroom Drains Kit, — Category: Miscellaneous. Condition: New (Open Box). Includes all parts shown in photos.",Miscellaneous,34.99,1,New – Open Box,,SKU0226,34.99,34.99,,,Miscellaneous
SKU0227,Yutianli 7mm Thick Anti-Collision self Adhesive 3D Wall,Yutianli 7mm Thick Anti-Collision self Adhesive 3D Wall — Category: Miscellaneous. Condition: New (Open Box). Includes all parts shown in photos.,Miscellaneous,46.54,1,New – Open Box,,SKU0227,46.54,46.54,,,Miscellaneous
SKU0228,Replacement Clutch Part,Replacement Clutch Part — Category: Miscellaneous. Condition: New (Open Box). Includes all parts shown in photos.,Miscellaneous,1.5,1,New – Open Box,,SKU0228,1.5,1.5,,,Miscellaneous
SKU0229,"Baboni Pet Door for Wall, Steel Frame and Telescoping","Baboni Pet Door for Wall, Steel Frame and Telescoping — Category: Pet Supplies. Condition: New (Open Box). Includes all parts shown in photos.",Pet Supplies,100.79,1,New – Open Box,,SKU0229,100.79,100.79,,,Pet Supplies
SKU0230,"Madane Washable Runner Rug 2x6, Ultra-Thin Non-Slip","Madane Washable Runner Rug 2x6, Ultra-Thin Non-Slip — Category: Bedding & Textiles. Condition: New (Open Box). Includes all parts shown in photos.",Bedding & Textiles,25.19,1,New – Open Box,,SKU0230,25.19,25.19,,,Bedding & Textiles
SKU0231,FITUEYES Floor TV Stand Iron Base with Swivel Mount for,FITUEYES Floor TV Stand Iron Base with Swivel Mount for — Category: Electronics & Small Appliances. Condition: New (Open Box). Includes all parts shown in photos.,Electronics & Small Appliances,31.5,1,New – Open Box,,SKU0231,31.5,31.5,,,Electronics & Small Appliances
SKU0232,Jardin Runner 2'x7',Jardin Runner 2'x7' — Category: Bedding & Textiles. Condition: New (Open Box). Includes all parts shown in photos.,Bedding & Textiles,15,1,New – Open Box,,SKU0232,15,15,,,Bedding & Textiles
SKU0233,JONSBO/JONSPLUS Z20 Orange/Black Micro-ATX Mini,JONSBO/JONSPLUS Z20 Orange/Black Micro-ATX Mini — Category: Miscellaneous. Condition: New (Open Box). Includes all parts shown in photos.,Miscellaneous,73.5,1,New – Open Box,,SKU0233,73.5,73.5,,,Miscellaneous
SKU0234,Office Chair,Office Chair — Category: Furniture. Condition: New (Open Box). Includes all parts shown in photos.,Furniture,24,1,New – Open Box,,SKU0234,24,24,,,Furniture
SKU0235,Room Divider Portable Partition Room Dividers and Folding,Room Divider Portable Partition Room Dividers and Folding — Category: Furniture. Condition: New (Open Box). Includes all parts shown in photos.,Furniture,111.99,1,New – Open Box,,SKU0235,111.99,111.99,,,Furniture
SKU0236,Aodk Basic Desk with Drawers and Outlets,Aodk Basic Desk with Drawers and Outlets — Category: Furniture. Condition: New (Open Box). Includes all parts shown in photos.,Furniture,21,1,New – Open Box,,SKU0236,21,21,,,Furniture
SKU0237,Weize Floor Mats for Tesla Model Y 5-Seat 2021-2023 2022,Weize Floor Mats for Tesla Model Y 5-Seat 2021-2023 2022 — Category: Automotive. Condition: New (Open Box). Includes all parts shown in photos.,Automotive,97.99,1,New – Open Box,,SKU0237,97.99,97.99,,,Automotive
SKU0238,"ROYMELO 34"" Bifold Sliding Barn Door Hardware Track","ROYMELO 34"" Bifold Sliding Barn Door Hardware Track — Category: Miscellaneous. Condition: New (Open Box). Includes all parts shown in photos.",Miscellaneous,60.19,1,New – Open Box,,SKU0238,60.19,60.19,,,Miscellaneous
SKU0014,Mystery Item,Mystery Item — Category: Miscellaneous. Condition: New (Open Box). Includes all parts shown in photos.,Miscellaneous,4.5,1,New – Open Box,,SKU0014,4.5,4.5,,,Miscellaneous
SKU0239,HUAWIYA Matte White SIMPLE Pendant Light,HUAWIYA Matte White SIMPLE Pendant Light — Category: Lighting & Electrical. Condition: New (Open Box). Includes all parts shown in photos.,Lighting & Electrical,46.19,1,New – Open Box,,SKU0239,46.19,46.19,,,Lighting & Electrical
SKU0240,VLAND LED Tail Lights Compatible with BMW Mini Cooper,VLAND LED Tail Lights Compatible with BMW Mini Cooper — Category: Automotive. Condition: New (Open Box). Includes all parts shown in photos.,Automotive,132.99,1,New – Open Box,,SKU0240,132.99,132.99,,,Automotive
SKU0009,Allen+Roth 21-in 3-Light Chrome Modern/Contemporary,Allen+Roth 21-in 3-Light Chrome Modern/Contemporary — Category: Lighting & Electrical. Condition: New (Open Box). Includes all parts shown in photos.,Lighting & Electrical,59.49,1,New – Open Box,,SKU0009,59.49,59.49,,,Lighting & Electrical
SKU0241,"Tension Rod, Black","Tension Rod, Black — Category: Miscellaneous. Condition: New (Open Box). Includes all parts shown in photos.",Miscellaneous,3,1,New – Open Box,,SKU0241,3,3,,,Miscellaneous
SKU0242,"Sportsroyals Dip Bars, Adjustable Dip Stand Station for","Sportsroyals Dip Bars, Adjustable Dip Stand Station for — Category: Furniture. Condition: New (Open Box). Includes all parts shown in photos.",Furniture,40.59,1,New – Open Box,,SKU0242,40.59,40.59,,,Furniture
SKU0243,AmazeFan Pull Up Bar Doorway with Ergonomic Grip -,AmazeFan Pull Up Bar Doorway with Ergonomic Grip - — Category: Miscellaneous. Condition: New (Open Box). Includes all parts shown in photos.,Miscellaneous,41.99,1,New – Open Box,,SKU0243,41.99,41.99,,,Miscellaneous
SKU0244,Kichler Colmar 3-Light 14-in Olde Bronze Incandescent,Kichler Colmar 3-Light 14-in Olde Bronze Incandescent — Category: Lighting & Electrical. Condition: New (Open Box). Includes all parts shown in photos.,Lighting & Electrical,69.99,1,New – Open Box,,SKU0244,69.99,69.99,,,Lighting & Electrical
SKU0207,"NB North Bayou Monitor Mount,Fits 4.4 to 19.8lbs Computer","NB North Bayou Monitor Mount,Fits 4.4 to 19.8lbs Computer — Category: Tools & Hardware. Condition: New (Open Box). Includes all parts shown in photos.",Tools & Hardware,34.93,1,New – Open Box,,SKU0207,34.93,34.93,,,Tools & Hardware
SKU0208,"Dikolre Shoe Rack Organizer Storage for Closet Entryway,","Dikolre Shoe Rack Organizer Storage for Closet Entryway, — Category: Miscellaneous. Condition: New (Open Box). Includes all parts shown in photos.",Miscellaneous,12.24,1,New – Open Box,,SKU0208,12.24,12.24,,,Miscellaneous
SKU0209,Hampton Bay Low-Voltage 20-Watt (Bi-Pin) Black Outdoor,Hampton Bay Low-Voltage 20-Watt (Bi-Pin) Black Outdoor — Category: Miscellaneous. Condition: New (Open Box). Includes all parts shown in photos.,Miscellaneous,13.98,1,New – Open Box,,SKU0209,13.98,13.98,,,Miscellaneous
SKU0210,Condenser Microphone 3.5mm PC Microphone Recording,Condenser Microphone 3.5mm PC Microphone Recording — Category: Miscellaneous. Condition: New (Open Box). Includes all parts shown in photos.,Miscellaneous,13.99,1,New – Open Box,,SKU0210,13.99,13.99,,,Miscellaneous
SKU0211,"Amazon Basics Cotton Jersey Blend Quilt Pillow Sham Set,","Amazon Basics Cotton Jersey Blend Quilt Pillow Sham Set, — Category: Bedding & Textiles. Condition: New (Open Box). Includes all parts shown in photos.",Bedding & Textiles,9.79,1,New – Open Box,,SKU0211,9.79,9.79,,,Bedding & Textiles
SKU0212,"Wire Cutter 8""","Wire Cutter 8"" — Category: Miscellaneous. Condition: New (Open Box). Includes all parts shown in photos.",Miscellaneous,4.5,1,New – Open Box,,SKU0212,4.5,4.5,,,Miscellaneous
SKU0213,Outdoor Oval Vinyl Cord-Free PVC Rollup Blinds - Radiance,Outdoor Oval Vinyl Cord-Free PVC Rollup Blinds - Radiance — Category: Window Treatments. Condition: New (Open Box). Includes all parts shown in photos.,Window Treatments,13.29,1,New – Open Box,,SKU0213,13.29,13.29,,,Window Treatments
SKU0214,"Cordless Solstice Vinyl Roll-Up Blind - 30 Inch Width, 72","Cordless Solstice Vinyl Roll-Up Blind - 30 Inch Width, 72 — Category: Window Treatments. Condition: New (Open Box). Includes all parts shown in photos.",Window Treatments,13.29,1,New – Open Box,,SKU0214,13.29,13.29,,,Window Treatments
SKU0215,"Set of 3 Covers for New Air 13""","Set of 3 Covers for New Air 13"" — Category: Miscellaneous. Condition: New (Open Box). Includes all parts shown in photos.",Miscellaneous,1.5,1,New – Open Box,,SKU0215,1.5,1.5,,,Miscellaneous
SKU0189,"Organi Haus Rope Basket, Blue/White","Organi Haus Rope Basket, Blue/White — Category: Home Decor. Condition: New (Open Box). Includes all parts shown in photos.",Home Decor,12,1,New – Open Box,,SKU0189,12,12,,,Home Decor
SKU0184,"Lotus & Windoware Cordless Blinds, 42""x72"" Bright White","Lotus & Windoware Cordless Blinds, 42""x72"" Bright White — Category: Window Treatments. Condition: New (Open Box). Includes all parts shown in photos.",Window Treatments,41.29,1,New – Open Box,,SKU0184,41.29,41.29,,,Window Treatments
SKU0190,Shatterproof Tape-On Window Rain Guards Fit for 2019-,Shatterproof Tape-On Window Rain Guards Fit for 2019- — Category: Miscellaneous. Condition: New (Open Box). Includes all parts shown in photos.,Miscellaneous,41.99,1,New – Open Box,,SKU0190,41.99,41.99,,,Miscellaneous
SKU0191,Smoke Tinted Tape-On Side Window Vent Visor Deflectors,Smoke Tinted Tape-On Side Window Vent Visor Deflectors — Category: Automotive. Condition: New (Open Box). Includes all parts shown in photos.,Automotive,31.49,1,New – Open Box,,SKU0191,31.49,31.49,,,Automotive
SKU0192,York Wallcoverings NZ0780 Sea Grass Grasscloth,York Wallcoverings NZ0780 Sea Grass Grasscloth — Category: Home Decor. Condition: New (Open Box). Includes all parts shown in photos.,Home Decor,91,1,New – Open Box,,SKU0192,91,91,,,Home Decor
SKU0193,Baisuart A61269 Canvas Prints Abstract Wall Art Print,Baisuart A61269 Canvas Prints Abstract Wall Art Print — Category: Home Decor. Condition: New (Open Box). Includes all parts shown in photos.,Home Decor,41.99,1,New – Open Box,,SKU0193,41.99,41.99,,,Home Decor
SKU0194,Office Chair Mat for Carpet Floor,Office Chair Mat for Carpet Floor — Category: Pet Supplies. Condition: New (Open Box). Includes all parts shown in photos.,Pet Supplies,4.5,1,New – Open Box,,SKU0194,4.5,4.5,,,Pet Supplies
SKU0195,Window Visors Rain Guards Shield for 2017-2022 Kia,Window Visors Rain Guards Shield for 2017-2022 Kia — Category: Automotive. Condition: New (Open Box). Includes all parts shown in photos.,Automotive,24.7,1,New – Open Box,,SKU0195,24.7,24.7,,,Automotive
SKU0196,"DuHouse 8.7"" Silk Hydrangea Flower Heads with Stems","DuHouse 8.7"" Silk Hydrangea Flower Heads with Stems — Category: Miscellaneous. Condition: New (Open Box). Includes all parts shown in photos.",Miscellaneous,11.83,1,New – Open Box,,SKU0196,11.83,11.83,,,Miscellaneous
SKU0185,"Aqara LED Ceiling Light T1M with Matter, Requires Aqara","Aqara LED Ceiling Light T1M with Matter, Requires Aqara — Category: Lighting & Electrical. Condition: New (Open Box). Includes all parts shown in photos.",Lighting & Electrical,104.99,1,New – Open Box,,SKU0185,104.99,104.99,,,Lighting & Electrical
SKU0186,Engine Coolant Reservoir,Engine Coolant Reservoir — Category: Miscellaneous. Condition: New (Open Box). Includes all parts shown in photos.,Miscellaneous,3,1,New – Open Box,,SKU0186,3,3,,,Miscellaneous
SKU0197,"ACMEART Ceiling Curtain Track,Retractable Ceiling Track","ACMEART Ceiling Curtain Track,Retractable Ceiling Track — Category: Furniture. Condition: New (Open Box). Includes all parts shown in photos.",Furniture,23.79,1,New – Open Box,,SKU0197,23.79,23.79,,,Furniture
SKU0198,Shelving Unit,Shelving Unit — Category: Furniture. Condition: New (Open Box). Includes all parts shown in photos.,Furniture,19.5,1,New – Open Box,,SKU0198,19.5,19.5,,,Furniture
SKU0199,Vanity Light,Vanity Light — Category: Lighting & Electrical. Condition: New (Open Box). Includes all parts shown in photos.,Lighting & Electrical,4.5,1,New – Open Box,,SKU0199,4.5,4.5,,,Lighting & Electrical
SKU0200,"Tension Shower Curtain, Spring Shower Tension Curtain","Tension Shower Curtain, Spring Shower Tension Curtain — Category: Bedding & Textiles. Condition: New (Open Box). Includes all parts shown in photos.",Bedding & Textiles,32.19,1,New – Open Box,,SKU0200,32.19,32.19,,,Bedding & Textiles
SKU0201,"Yepdin Artificial Ficus Tree, Silk Ficus Tree for Home Decor","Yepdin Artificial Ficus Tree, Silk Ficus Tree for Home Decor — Category: Home Decor. Condition: New (Open Box). Includes all parts shown in photos.",Home Decor,37.79,1,New – Open Box,,SKU0201,37.79,37.79,,,Home Decor
SKU0202,"Zebra Roller Window Blinds,Custom Cut to Size,Roller","Zebra Roller Window Blinds,Custom Cut to Size,Roller — Category: Window Treatments. Condition: New (Open Box). Includes all parts shown in photos.",Window Treatments,36.39,1,New – Open Box,,SKU0202,36.39,36.39,,,Window Treatments
SKU0203,"MODE Premium Collection Curtain Rod 36 to 72 inches,","MODE Premium Collection Curtain Rod 36 to 72 inches, — Category: Bedding & Textiles. Condition: New (Open Box). Includes all parts shown in photos.",Bedding & Textiles,1.5,1,New – Open Box,,SKU0203,1.5,1.5,,,Bedding & Textiles
SKU0204,Cambria® Designer Series - Premium 6 foot Custom Curtain,Cambria® Designer Series - Premium 6 foot Custom Curtain — Category: Bedding & Textiles. Condition: New (Open Box). Includes all parts shown in photos.,Bedding & Textiles,45.49,1,New – Open Box,,SKU0204,45.49,45.49,,,Bedding & Textiles
SKU0205,"Tension Curtain Rod, 51-165 Inch,Spring Shower Closet for","Tension Curtain Rod, 51-165 Inch,Spring Shower Closet for — Category: Bedding & Textiles. Condition: New (Open Box). Includes all parts shown in photos.",Bedding & Textiles,34.99,1,New – Open Box,,SKU0205,34.99,34.99,,,Bedding & Textiles
SKU0206,Cambria® Designer Series - Premium 7 foot Custom Curtain,Cambria® Designer Series - Premium 7 foot Custom Curtain — Category: Bedding & Textiles. Condition: New (Open Box). Includes all parts shown in photos.,Bedding & Textiles,48.99,1,New – Open Box,,SKU0206,48.99,48.99,,,Bedding & Textiles
SKU0187,4PCS Window Visors Deflectors Vent Guards Sun Wind Rain,4PCS Window Visors Deflectors Vent Guards Sun Wind Rain — Category: Automotive. Condition: New (Open Box). Includes all parts shown in photos.,Automotive,25.19,1,New – Open Box,,SKU0187,25.19,25.19,,,Automotive
SKU0188,Retractable Cargo Cover,Retractable Cargo Cover — Category: Furniture. Condition: New (Open Box). Includes all parts shown in photos.,Furniture,1.5,1,New – Open Box,,SKU0188,1.5,1.5,,,Furniture
SKU0176,"FAYEAN Metal Headboard, Full Size","FAYEAN Metal Headboard, Full Size — Category: Miscellaneous. Condition: New (Open Box). Includes all parts shown in photos.",Miscellaneous,3,1,New – Open Box,,SKU0176,3,3,,,Miscellaneous
SKU0177,Tempered Glass Chair Mat,Tempered Glass Chair Mat — Category: Furniture. Condition: New (Open Box). Includes all parts shown in photos.,Furniture,6,1,New – Open Box,,SKU0177,6,6,,,Furniture
SKU0178,A-Premium Engine Water Pump WP51040TH-C,A-Premium Engine Water Pump WP51040TH-C — Category: Miscellaneous. Condition: New (Open Box). Includes all parts shown in photos.,Miscellaneous,1.5,1,New – Open Box,,SKU0178,1.5,1.5,,,Miscellaneous
SKU0179,The Door Bull Modern Yet Classic Style Bathroom Vanity,The Door Bull Modern Yet Classic Style Bathroom Vanity — Category: Lighting & Electrical. Condition: New (Open Box). Includes all parts shown in photos.,Lighting & Electrical,55.99,1,New – Open Box,,SKU0179,55.99,55.99,,,Lighting & Electrical
SKU0014,Mystery Item,Mystery Item — Category: Miscellaneous. Condition: New (Open Box). Includes all parts shown in photos.,Miscellaneous,9,1,New – Open Box,,SKU0014,9,9,,,Miscellaneous
SKU0180,"Cordless Cellular Shades 34""W x 64""H Grey Leaves","Cordless Cellular Shades 34""W x 64""H Grey Leaves — Category: Window Treatments. Condition: New (Open Box). Includes all parts shown in photos.",Window Treatments,1.5,1,New – Open Box,,SKU0180,1.5,1.5,,,Window Treatments
SKU0181,Cordless Roller Shade,Cordless Roller Shade — Category: Window Treatments. Condition: New (Open Box). Includes all parts shown in photos.,Window Treatments,3,1,New – Open Box,,SKU0181,3,3,,,Window Treatments
SKU0182,Aluminum Partition Rail,Aluminum Partition Rail — Category: Miscellaneous. Condition: New (Open Box). Includes all parts shown in photos.,Miscellaneous,3,1,New – Open Box,,SKU0182,3,3,,,Miscellaneous
SKU0183,"Mat for Pilates, Medidation (Blue)","Mat for Pilates, Medidation (Blue) — Category: Bedding & Textiles. Condition: New (Open Box). Includes all parts shown in photos.",Bedding & Textiles,1.5,1,New – Open Box,,SKU0183,1.5,1.5,,,Bedding & Textiles
SKU0159,Tesla Model Y Floor Mats 6pcs,Tesla Model Y Floor Mats 6pcs — Category: Automotive. Condition: New (Open Box). Includes all parts shown in photos.,Automotive,1.5,1,New – Open Box,,SKU0159,1.5,1.5,,,Automotive
SKU0160,"ChrisDowa 100% Blackout Roller Shade, Window Blind with","ChrisDowa 100% Blackout Roller Shade, Window Blind with — Category: Window Treatments. Condition: New (Open Box). Includes all parts shown in photos.",Window Treatments,30.09,1,New – Open Box,,SKU0160,30.09,30.09,,,Window Treatments
SKU0161,Oxdigi Tension Shower Doorway Curtain Rod/Adjustable,Oxdigi Tension Shower Doorway Curtain Rod/Adjustable — Category: Furniture. Condition: New (Open Box). Includes all parts shown in photos.,Furniture,25.26,1,New – Open Box,,SKU0161,25.26,25.26,,,Furniture
SKU0162,Handua Fits 24x24 Duct Opening | Steel Return Air Filter,Handua Fits 24x24 Duct Opening | Steel Return Air Filter — Category: Miscellaneous. Condition: New (Open Box). Includes all parts shown in photos.,Miscellaneous,62.96,1,New – Open Box,,SKU0162,62.96,62.96,,,Miscellaneous
SKU0163,Face Down Pillow After Eye Surgery - Home Massage Pillow,Face Down Pillow After Eye Surgery - Home Massage Pillow — Category: Bedding & Textiles. Condition: New (Open Box). Includes all parts shown in photos.,Bedding & Textiles,40.59,1,New – Open Box,,SKU0163,40.59,40.59,,,Bedding & Textiles
SKU0164,Bike Bunk for Cargo Tray - Adjustable A-Frame Trailer Bike,Bike Bunk for Cargo Tray - Adjustable A-Frame Trailer Bike — Category: Furniture. Condition: New (Open Box). Includes all parts shown in photos.,Furniture,111.99,1,New – Open Box,,SKU0164,111.99,111.99,,,Furniture
SKU0165,"WILDFIX Shocks, Zinc Plated Coating","WILDFIX Shocks, Zinc Plated Coating — Category: Miscellaneous. Condition: New (Open Box). Includes all parts shown in photos.",Miscellaneous,7.5,1,New – Open Box,,SKU0165,7.5,7.5,,,Miscellaneous
SKU0166,Sports Weighted Vest,Sports Weighted Vest — Category: Miscellaneous. Condition: New (Open Box). Includes all parts shown in photos.,Miscellaneous,4.5,1,New – Open Box,,SKU0166,4.5,4.5,,,Miscellaneous
SKU0167,Vatima Large Wicker Basket Rectangular with Wooden,Vatima Large Wicker Basket Rectangular with Wooden — Category: Home Decor. Condition: New (Open Box). Includes all parts shown in photos.,Home Decor,69.96,1,New – Open Box,,SKU0167,69.96,69.96,,,Home Decor
SKU0168,"ChrisDowa Light Filtering Roller Shades, with 5% Openness","ChrisDowa Light Filtering Roller Shades, with 5% Openness — Category: Lighting & Electrical. Condition: New (Open Box). Includes all parts shown in photos.",Lighting & Electrical,40.59,1,New – Open Box,,SKU0168,40.59,40.59,,,Lighting & Electrical
SKU0169,"ChrisDowa Cordless 100% Blackout Roller Shade, with","ChrisDowa Cordless 100% Blackout Roller Shade, with — Category: Window Treatments. Condition: New (Open Box). Includes all parts shown in photos.",Window Treatments,30.79,1,New – Open Box,,SKU0169,30.79,30.79,,,Window Treatments
SKU0170,SAMTEEN Modern Brass Semi Flush Mount Ceiling Light 3-,SAMTEEN Modern Brass Semi Flush Mount Ceiling Light 3- — Category: Lighting & Electrical. Condition: New (Open Box). Includes all parts shown in photos.,Lighting & Electrical,104.3,1,New – Open Box,,SKU0170,104.3,104.3,,,Lighting & Electrical
SKU0171,Floor Mats for Jeep Wagoneer 8 Seater,Floor Mats for Jeep Wagoneer 8 Seater — Category: Automotive. Condition: New (Open Box). Includes all parts shown in photos.,Automotive,4.5,1,New – Open Box,,SKU0171,4.5,4.5,,,Automotive
SKU0172,"Rectangle Wall Mirror 24""x36""","Rectangle Wall Mirror 24""x36"" — Category: Home Decor. Condition: New (Open Box). Includes all parts shown in photos.",Home Decor,3,1,New – Open Box,,SKU0172,3,3,,,Home Decor
SKU0173,SAILIN Replacement Driver Left Side Headlight Headlamp,SAILIN Replacement Driver Left Side Headlight Headlamp — Category: Automotive. Condition: New (Open Box). Includes all parts shown in photos.,Automotive,84.69,1,New – Open Box,,SKU0173,84.69,84.69,,,Automotive
SKU0174,"ARNIS Plants Pots with Stand, Indoor Planter Pots, Unique","ARNIS Plants Pots with Stand, Indoor Planter Pots, Unique — Category: Miscellaneous. Condition: New (Open Box). Includes all parts shown in photos.",Miscellaneous,47.58,1,New – Open Box,,SKU0174,47.58,47.58,,,Miscellaneous
SKU0175,San Auto Car Floor Mats,San Auto Car Floor Mats — Category: Automotive. Condition: New (Open Box). Includes all parts shown in photos.,Automotive,3,1,New – Open Box,,SKU0175,3,3,,,Automotive
SKU0088,Mystery Pallet,Mystery Pallet — Category: Miscellaneous. Condition: New (Open Box). Includes all parts shown in photos.,Miscellaneous,91.5,1,New – Open Box,,SKU0088,91.5,91.5,,,Miscellaneous
SKU0149,USB C-Type Adapter,USB C-Type Adapter — Category: Miscellaneous. Condition: New (Open Box). Includes all parts shown in photos.,Miscellaneous,6,1,New – Open Box,,SKU0149,6,6,,,Miscellaneous
SKU0150,"Disposable Stretchable Headband with Closure, 48 Ct.","Disposable Stretchable Headband with Closure, 48 Ct. — Category: Miscellaneous. Condition: New (Open Box). Includes all parts shown in photos.",Miscellaneous,11.94,1,New – Open Box,,SKU0150,11.94,11.94,,,Miscellaneous
SKU0151,"WaitfairyWomens Pants Light Grey, Size Large","WaitfairyWomens Pants Light Grey, Size Large — Category: Lighting & Electrical. Condition: New (Open Box). Includes all parts shown in photos.",Lighting & Electrical,6,1,New – Open Box,,SKU0151,6,6,,,Lighting & Electrical
SKU0152,KIKIBERRY Womens Sleeveless Active Tank Tops,KIKIBERRY Womens Sleeveless Active Tank Tops — Category: Miscellaneous. Condition: New (Open Box). Includes all parts shown in photos.,Miscellaneous,10.49,1,New – Open Box,,SKU0152,10.49,10.49,,,Miscellaneous
SKU0153,Tie Dye Printed Sleepwear Size Large,Tie Dye Printed Sleepwear Size Large — Category: Miscellaneous. Condition: New (Open Box). Includes all parts shown in photos.,Miscellaneous,6,1,New – Open Box,,SKU0153,6,6,,,Miscellaneous
SKU0154,Amazon Essentials Mens Sherpa Lined Full-Zip Hooded,Amazon Essentials Mens Sherpa Lined Full-Zip Hooded — Category: Miscellaneous. Condition: New (Open Box). Includes all parts shown in photos.,Miscellaneous,28,1,New – Open Box,,SKU0154,28,28,,,Miscellaneous
SKU0155,LETDIOSTO Women's Top Shirt Caramel Large,LETDIOSTO Women's Top Shirt Caramel Large — Category: Apparel. Condition: New (Open Box). Includes all parts shown in photos.,Apparel,1.5,1,New – Open Box,,SKU0155,1.5,1.5,,,Apparel
SKU0156,"Dealmed 6"" Cotton-Tipped Wood Applicators – 200 Sterile","Dealmed 6"" Cotton-Tipped Wood Applicators – 200 Sterile — Category: Pet Supplies. Condition: New (Open Box). Includes all parts shown in photos.",Pet Supplies,6.29,1,New – Open Box,,SKU0156,6.29,6.29,,,Pet Supplies
SKU0157,"Soiiw Nail Tool Sterilizer Box, Plastic Sterilization Tray","Soiiw Nail Tool Sterilizer Box, Plastic Sterilization Tray — Category: Tools & Hardware. Condition: New (Open Box). Includes all parts shown in photos.",Tools & Hardware,6.29,1,New – Open Box,,SKU0157,6.29,6.29,,,Tools & Hardware
SKU0158,"NICEBIRDIE Nose Hair Trimmer for Men Women, USB","NICEBIRDIE Nose Hair Trimmer for Men Women, USB — Category: Miscellaneous. Condition: New (Open Box). Includes all parts shown in photos.",Miscellaneous,9.09,1,New – Open Box,,SKU0158,9.09,9.09,,,Miscellaneous
SKU0137,Dasbecan Hyundai Elantra Passenger Headlight,Dasbecan Hyundai Elantra Passenger Headlight — Category: Automotive. Condition: New (Open Box). Includes all parts shown in photos.,Automotive,1.5,1,New – Open Box,,SKU0137,1.5,1.5,,,Automotive
SKU0138,Floor Mats for Suburban 7 ZUO,Floor Mats for Suburban 7 ZUO — Category: Automotive. Condition: New (Open Box). Includes all parts shown in photos.,Automotive,1.5,1,New – Open Box,,SKU0138,1.5,1.5,,,Automotive
SKU0139,Popilush Shapewear Tummy Control Thong Bodysuit Plus,Popilush Shapewear Tummy Control Thong Bodysuit Plus — Category: Miscellaneous. Condition: New (Open Box). Includes all parts shown in photos.,Miscellaneous,3,1,New – Open Box,,SKU0139,3,3,,,Miscellaneous
SKU0140,SANTINY Women's High Waisted Swim Shorts with Pockets,SANTINY Women's High Waisted Swim Shorts with Pockets — Category: Apparel. Condition: New (Open Box). Includes all parts shown in photos.,Apparel,18.89,1,New – Open Box,,SKU0140,18.89,18.89,,,Apparel
SKU0141,CUPSHE Women's Tankini Sets Two Piece Swimsuit Halter,CUPSHE Women's Tankini Sets Two Piece Swimsuit Halter — Category: Apparel. Condition: New (Open Box). Includes all parts shown in photos.,Apparel,24.49,1,New – Open Box,,SKU0141,24.49,24.49,,,Apparel
SKU0142,Floral Dress,Floral Dress — Category: Apparel. Condition: New (Open Box). Includes all parts shown in photos.,Apparel,3,1,New – Open Box,,SKU0142,3,3,,,Apparel
SKU0143,2XL Bathing Suit Top,2XL Bathing Suit Top — Category: Miscellaneous. Condition: New (Open Box). Includes all parts shown in photos.,Miscellaneous,1.5,1,New – Open Box,,SKU0143,1.5,1.5,,,Miscellaneous
SKU0144,BMJL Women's Bikini Sets V Neck High Waisted Swimsuits,BMJL Women's Bikini Sets V Neck High Waisted Swimsuits — Category: Apparel. Condition: New (Open Box). Includes all parts shown in photos.,Apparel,26.59,1,New – Open Box,,SKU0144,26.59,26.59,,,Apparel
SKU0145,Remidoo Women's Casual Puff Short Sleeve Top Crewneck,Remidoo Women's Casual Puff Short Sleeve Top Crewneck — Category: Apparel. Condition: New (Open Box). Includes all parts shown in photos.,Apparel,20.29,1,New – Open Box,,SKU0145,20.29,20.29,,,Apparel
SKU0146,Water Bottle Carrier with Strap,Water Bottle Carrier with Strap — Category: Pet Supplies. Condition: New (Open Box). Includes all parts shown in photos.,Pet Supplies,9.79,1,New – Open Box,,SKU0146,9.79,9.79,,,Pet Supplies
SKU0147,22-Inch Ceiling Fan,22-Inch Ceiling Fan — Category: Lighting & Electrical. Condition: New (Open Box). Includes all parts shown in photos.,Lighting & Electrical,3,1,New – Open Box,,SKU0147,3,3,,,Lighting & Electrical
SKU0148,"SHECUTE Zebra Roller Shade, Light Gray","SHECUTE Zebra Roller Shade, Light Gray — Category: Lighting & Electrical. Condition: New (Open Box). Includes all parts shown in photos.",Lighting & Electrical,3,1,New – Open Box,,SKU0148,3,3,,,Lighting & Electrical
SKU0135,"Moon Ski Helmet Snowboard Helmet, Purple","Moon Ski Helmet Snowboard Helmet, Purple — Category: Miscellaneous. Condition: New (Open Box). Includes all parts shown in photos.",Miscellaneous,1.5,1,New – Open Box,,SKU0135,1.5,1.5,,,Miscellaneous
SKU0136,EcoSmart 75-Watt Equivalent PAR30 Dimmable Flood LED,EcoSmart 75-Watt Equivalent PAR30 Dimmable Flood LED — Category: Lighting & Electrical. Condition: New (Open Box). Includes all parts shown in photos.,Lighting & Electrical,9.79,1,New – Open Box,,SKU0136,9.79,9.79,,,Lighting & Electrical
SKU0134,Bessey Drop Forged C-Clamp 2 Inch Capacity 1-1/2 Inch,Bessey Drop Forged C-Clamp 2 Inch Capacity 1-1/2 Inch — Category: Tools & Hardware. Condition: New (Open Box). Includes all parts shown in photos.,Tools & Hardware,2.44,1,New – Open Box,,SKU0134,2.44,2.44,,,Tools & Hardware
SKU0133,Enbrighten Dimmable Motion-Sensing/Touch-Activated LED,Enbrighten Dimmable Motion-Sensing/Touch-Activated LED — Category: Miscellaneous. Condition: New (Open Box). Includes all parts shown in photos.,Miscellaneous,16.08,1,New – Open Box,,SKU0133,16.08,16.08,,,Miscellaneous
SKU0120,"LazBlinds No Tools No Drill 1"" Vinyl Mini Blinds, Cordless","LazBlinds No Tools No Drill 1"" Vinyl Mini Blinds, Cordless — Category: Tools & Hardware. Condition: New (Open Box). Includes all parts shown in photos.",Tools & Hardware,29.74,1,New – Open Box,,SKU0120,29.74,29.74,,,Tools & Hardware
SKU0121,"Room Essentials Storage Basket 18""x14""x9 3/4""","Room Essentials Storage Basket 18""x14""x9 3/4"" — Category: Home Decor. Condition: New (Open Box). Includes all parts shown in photos.",Home Decor,9.09,1,New – Open Box,,SKU0121,9.09,9.09,,,Home Decor
SKU0122,Men's Relaxed Fit Long Sleeve Scoop Thermal Underwear,Men's Relaxed Fit Long Sleeve Scoop Thermal Underwear — Category: Miscellaneous. Condition: New (Open Box). Includes all parts shown in photos.,Miscellaneous,7,1,New – Open Box,,SKU0122,7,7,,,Miscellaneous
SKU0123,Women's Crewneck Pullover Sweater - A New Day™,Women's Crewneck Pullover Sweater - A New Day™ — Category: Apparel. Condition: New (Open Box). Includes all parts shown in photos.,Apparel,17.5,1,New – Open Box,,SKU0123,17.5,17.5,,,Apparel
SKU0124,Women's High-Rise Tapered Joggers - Wild Fable™ Size,Women's High-Rise Tapered Joggers - Wild Fable™ Size — Category: Apparel. Condition: New (Open Box). Includes all parts shown in photos.,Apparel,17.5,1,New – Open Box,,SKU0124,17.5,17.5,,,Apparel
SKU0124,Women's High-Rise Tapered Joggers - Wild Fable™ Size,Women's High-Rise Tapered Joggers - Wild Fable™ Size — Category: Apparel. Condition: New (Open Box). Includes all parts shown in photos.,Apparel,17.5,1,New – Open Box,,SKU0124,17.5,17.5,,,Apparel
SKU0125,Women's High-Rise 90's Straight Jeans - Universal Thread™,Women's High-Rise 90's Straight Jeans - Universal Thread™ — Category: Apparel. Condition: New (Open Box). Includes all parts shown in photos.,Apparel,25.2,1,New – Open Box,,SKU0125,25.2,25.2,,,Apparel
SKU0126,"Universal Thread Super Stretch Skinny Jeans, Size 14S","Universal Thread Super Stretch Skinny Jeans, Size 14S — Category: Apparel. Condition: New (Open Box). Includes all parts shown in photos.",Apparel,6.14,1,New – Open Box,,SKU0126,6.14,6.14,,,Apparel
SKU0127,Women's Leisure Studio Mid-Rise Knit Straight Leg,Women's Leisure Studio Mid-Rise Knit Straight Leg — Category: Miscellaneous. Condition: New (Open Box). Includes all parts shown in photos.,Miscellaneous,17.5,1,New – Open Box,,SKU0127,17.5,17.5,,,Miscellaneous
SKU0128,"Set of 2 Spritz 10"" Metallic Cake Serving Stand","Set of 2 Spritz 10"" Metallic Cake Serving Stand — Category: Miscellaneous. Condition: New (Open Box). Includes all parts shown in photos.",Miscellaneous,14,1,New – Open Box,,SKU0128,14,14,,,Miscellaneous
SKU0129,Isotoner Microsuede Gloves - S/M,Isotoner Microsuede Gloves - S/M — Category: Apparel. Condition: New (Open Box). Includes all parts shown in photos.,Apparel,17.49,1,New – Open Box,,SKU0129,17.49,17.49,,,Apparel
SKU0130,Set of 2 Range Kleen 2pk Universal Chrome Drip Bowls,Set of 2 Range Kleen 2pk Universal Chrome Drip Bowls — Category: Miscellaneous. Condition: New (Open Box). Includes all parts shown in photos.,Miscellaneous,12.59,1,New – Open Box,,SKU0130,12.59,12.59,,,Miscellaneous
SKU0131,Set of 2 Modway High Back White Chairs,Set of 2 Modway High Back White Chairs — Category: Furniture. Condition: New (Open Box). Includes all parts shown in photos.,Furniture,9,1,New – Open Box,,SKU0131,9,9,,,Furniture
SKU0132,Fresh Wave Plant-Based Odor Removing Gel 11oz,Fresh Wave Plant-Based Odor Removing Gel 11oz — Category: Miscellaneous. Condition: New (Open Box). Includes all parts shown in photos.,Miscellaneous,6.99,1,New – Open Box,,SKU0132,6.99,6.99,,,Miscellaneous
SKU0118,Set of 4 Threshold Studio McGee Set of 2 Rope Ball,Set of 4 Threshold Studio McGee Set of 2 Rope Ball — Category: Miscellaneous. Condition: New (Open Box). Includes all parts shown in photos.,Miscellaneous,56,1,New – Open Box,,SKU0118,56,56,,,Miscellaneous
SKU0119,Keep America Great Flag,Keep America Great Flag — Category: Miscellaneous. Condition: New (Open Box). Includes all parts shown in photos.,Miscellaneous,3,1,New – Open Box,,SKU0119,3,3,,,Miscellaneous
SKU0116,Digital Food Meat Thermometer,Digital Food Meat Thermometer — Category: Electronics & Small Appliances. Condition: New (Open Box). Includes all parts shown in photos.,Electronics & Small Appliances,10.5,1,New – Open Box,,SKU0116,10.5,10.5,,,Electronics & Small Appliances
SKU0117,"USB C Fast Charging Cord, 4.9ft/1.5M","USB C Fast Charging Cord, 4.9ft/1.5M — Category: Miscellaneous. Condition: New (Open Box). Includes all parts shown in photos.",Miscellaneous,9,1,New – Open Box,,SKU0117,9,9,,,Miscellaneous
SKU0110,L'OCCITANE Solid Stick Aluminum Free Deodorant: Reduce,L'OCCITANE Solid Stick Aluminum Free Deodorant: Reduce — Category: Health & Personal Care. Condition: New (Open Box). Includes all parts shown in photos.,Health & Personal Care,15.4,1,New – Open Box,,SKU0110,15.4,15.4,,,Health & Personal Care
SKU0111,AGE beautiful Permanent Hair Color Dye Liqui Creme | 100%,AGE beautiful Permanent Hair Color Dye Liqui Creme | 100% — Category: Health & Personal Care. Condition: New (Open Box). Includes all parts shown in photos.,Health & Personal Care,8.4,1,New – Open Box,,SKU0111,8.4,8.4,,,Health & Personal Care
SKU0111,AGE beautiful Permanent Hair Color Dye Liqui Creme | 100%,AGE beautiful Permanent Hair Color Dye Liqui Creme | 100% — Category: Health & Personal Care. Condition: New (Open Box). Includes all parts shown in photos.,Health & Personal Care,8.4,1,New – Open Box,,SKU0111,8.4,8.4,,,Health & Personal Care
SKU0112,"RevitaLash Cosmetics, RevitaLash Advanced Eyelash","RevitaLash Cosmetics, RevitaLash Advanced Eyelash — Category: Health & Personal Care. Condition: New (Open Box). Includes all parts shown in photos.",Health & Personal Care,41.3,1,New – Open Box,,SKU0112,41.3,41.3,,,Health & Personal Care
SKU0112,"RevitaLash Cosmetics, RevitaLash Advanced Eyelash","RevitaLash Cosmetics, RevitaLash Advanced Eyelash — Category: Health & Personal Care. Condition: New (Open Box). Includes all parts shown in photos.",Health & Personal Care,41.3,1,New – Open Box,,SKU0112,41.3,41.3,,,Health & Personal Care
SKU0113,Women's Elegant Crossover Swimsuit Pink Polka Dot XL,Women's Elegant Crossover Swimsuit Pink Polka Dot XL — Category: Apparel. Condition: New (Open Box). Includes all parts shown in photos.,Apparel,6,1,New – Open Box,,SKU0113,6,6,,,Apparel
SKU0114,"COLORCHARM Demi Permanent Hair Color, Hair Dye for","COLORCHARM Demi Permanent Hair Color, Hair Dye for — Category: Health & Personal Care. Condition: New (Open Box). Includes all parts shown in photos.",Health & Personal Care,6.99,1,New – Open Box,,SKU0114,6.99,6.99,,,Health & Personal Care
SKU0115,"Press-On Nails, One Minute Nail Tips, 24pcs","Press-On Nails, One Minute Nail Tips, 24pcs — Category: Tools & Hardware. Condition: New (Open Box). Includes all parts shown in photos.",Tools & Hardware,3,1,New – Open Box,,SKU0115,3,3,,,Tools & Hardware
SKU0092,"VONLUCE Semi Flush Mount Ceiling Light, 13'' Ceiling Light","VONLUCE Semi Flush Mount Ceiling Light, 13'' Ceiling Light — Category: Lighting & Electrical. Condition: New (Open Box). Includes all parts shown in photos.",Lighting & Electrical,34.99,1,New – Open Box,,SKU0092,34.99,34.99,,,Lighting & Electrical
SKU0093,"Spectrum Diversified Euro Round Napkin Holder, Satin","Spectrum Diversified Euro Round Napkin Holder, Satin — Category: Miscellaneous. Condition: New (Open Box). Includes all parts shown in photos.",Miscellaneous,13.99,1,New – Open Box,,SKU0093,13.99,13.99,,,Miscellaneous
SKU0094,"KoKo&Yukina 10"" Globe Pendant Light Black Mid Century","KoKo&Yukina 10"" Globe Pendant Light Black Mid Century — Category: Lighting & Electrical. Condition: New (Open Box). Includes all parts shown in photos.",Lighting & Electrical,55.99,1,New – Open Box,,SKU0094,55.99,55.99,,,Lighting & Electrical
SKU0095,"35qt Waste Container, Silver Grey","35qt Waste Container, Silver Grey — Category: Miscellaneous. Condition: New (Open Box). Includes all parts shown in photos.",Miscellaneous,24.75,1,New – Open Box,,SKU0095,24.75,24.75,,,Miscellaneous
SKU0096,Downluxe Down Feather Pillows,Downluxe Down Feather Pillows — Category: Bedding & Textiles. Condition: New (Open Box). Includes all parts shown in photos.,Bedding & Textiles,37.5,1,New – Open Box,,SKU0096,37.5,37.5,,,Bedding & Textiles
SKU0097,Comfort Spaces Cotton Comforter Set Jacquard Pom-Pom,Comfort Spaces Cotton Comforter Set Jacquard Pom-Pom — Category: Bedding & Textiles. Condition: New (Open Box). Includes all parts shown in photos.,Bedding & Textiles,44.79,1,New – Open Box,,SKU0097,44.79,44.79,,,Bedding & Textiles
SKU0098,"monTEK Swivel Bike Wall Mount, Bike Hangers for Garage,","monTEK Swivel Bike Wall Mount, Bike Hangers for Garage, — Category: Miscellaneous. Condition: New (Open Box). Includes all parts shown in photos.",Miscellaneous,18.86,1,New – Open Box,,SKU0098,18.86,18.86,,,Miscellaneous
SKU0099,"Acrylic Cutting Board with Juice Groove, Non Slip Clear","Acrylic Cutting Board with Juice Groove, Non Slip Clear — Category: Miscellaneous. Condition: New (Open Box). Includes all parts shown in photos.",Miscellaneous,23.79,1,New – Open Box,,SKU0099,23.79,23.79,,,Miscellaneous
SKU0100,"15"" Rattan Pendant Light,3-Light Black White Faux Rattan","15"" Rattan Pendant Light,3-Light Black White Faux Rattan — Category: Lighting & Electrical. Condition: New (Open Box). Includes all parts shown in photos.",Lighting & Electrical,111.99,1,New – Open Box,,SKU0100,111.99,111.99,,,Lighting & Electrical
SKU0101,"HOCAT Rattan Nightstand Bedside Tables, Modern Wood","HOCAT Rattan Nightstand Bedside Tables, Modern Wood — Category: Pet Supplies. Condition: New (Open Box). Includes all parts shown in photos.",Pet Supplies,35.69,1,New – Open Box,,SKU0101,35.69,35.69,,,Pet Supplies
SKU0102,Yuesstloo Double Clutch Dry DPS6 Transmission Installer,Yuesstloo Double Clutch Dry DPS6 Transmission Installer — Category: Miscellaneous. Condition: New (Open Box). Includes all parts shown in photos.,Miscellaneous,76.29,1,New – Open Box,,SKU0102,76.29,76.29,,,Miscellaneous
SKU0103,"YSAGi Leather Desk Pad Protector, Office Desk Mat, Large","YSAGi Leather Desk Pad Protector, Office Desk Mat, Large — Category: Furniture. Condition: New (Open Box). Includes all parts shown in photos.",Furniture,18.89,1,New – Open Box,,SKU0103,18.89,18.89,,,Furniture
SKU0104,Large Cushion,Large Cushion — Category: Miscellaneous. Condition: New (Open Box). Includes all parts shown in photos.,Miscellaneous,6,1,New – Open Box,,SKU0104,6,6,,,Miscellaneous
SKU0105,Step Ladder 4 Step Folding Step Ladder with Handles White,Step Ladder 4 Step Folding Step Ladder with Handles White — Category: Tools & Hardware. Condition: New (Open Box). Includes all parts shown in photos.,Tools & Hardware,40.59,1,New – Open Box,,SKU0105,40.59,40.59,,,Tools & Hardware
SKU0106,"Brightroom Coiled Rope Basket 11""","Brightroom Coiled Rope Basket 11"" — Category: Home Decor. Condition: New (Open Box). Includes all parts shown in photos.",Home Decor,8.4,1,New – Open Box,,SKU0106,8.4,8.4,,,Home Decor
SKU0107,Ouidad Advanced Climate Control Heat & Humidity Gel,Ouidad Advanced Climate Control Heat & Humidity Gel — Category: Bedding & Textiles. Condition: New (Open Box). Includes all parts shown in photos.,Bedding & Textiles,18.2,1,New – Open Box,,SKU0107,18.2,18.2,,,Bedding & Textiles
SKU0108,Exellewis 2024-2025 Academic Year Planner 24x36 Inch,Exellewis 2024-2025 Academic Year Planner 24x36 Inch — Category: Miscellaneous. Condition: New (Open Box). Includes all parts shown in photos.,Miscellaneous,1.5,1,New – Open Box,,SKU0108,1.5,1.5,,,Miscellaneous
SKU0109,Baleaf Water Resistant Hiking Pants Size XL,Baleaf Water Resistant Hiking Pants Size XL — Category: Apparel. Condition: New (Open Box). Includes all parts shown in photos.,Apparel,26.59,1,New – Open Box,,SKU0109,26.59,26.59,,,Apparel
SKU0088,Mystery Pallet,Mystery Pallet — Category: Miscellaneous. Condition: New (Open Box). Includes all parts shown in photos.,Miscellaneous,73.5,1,New – Open Box,,SKU0088,73.5,73.5,,,Miscellaneous
SKU0090,"ULIKELED 3W 395NM LED Black Light, Flexible Gooseneck","ULIKELED 3W 395NM LED Black Light, Flexible Gooseneck — Category: Lighting & Electrical. Condition: New (Open Box). Includes all parts shown in photos.",Lighting & Electrical,6.29,1,New – Open Box,,SKU0090,6.29,6.29,,,Lighting & Electrical
SKU0091,Commercial Electric 4 in. J Box 8-Watt Dimmable White,Commercial Electric 4 in. J Box 8-Watt Dimmable White — Category: Miscellaneous. Condition: New (Open Box). Includes all parts shown in photos.,Miscellaneous,13.98,1,New – Open Box,,SKU0091,13.98,13.98,,,Miscellaneous
SKU0089,Sportneer Pull Up Bar: Strength Training Chin up Bar without,Sportneer Pull Up Bar: Strength Training Chin up Bar without — Category: Miscellaneous. Condition: New (Open Box). Includes all parts shown in photos.,Miscellaneous,27.99,1,New – Open Box,,SKU0089,27.99,27.99,,,Miscellaneous
SKU0083,NINESTARS Automatic Touchless Motion Sensor,NINESTARS Automatic Touchless Motion Sensor — Category: Bedding & Textiles. Condition: New (Open Box). Includes all parts shown in photos.,Bedding & Textiles,48.99,1,New – Open Box,,SKU0083,48.99,48.99,,,Bedding & Textiles
SKU0084,Stair Basket Felt Staircase Organizer with Handles,Stair Basket Felt Staircase Organizer with Handles — Category: Home Decor. Condition: New (Open Box). Includes all parts shown in photos.,Home Decor,7.69,1,New – Open Box,,SKU0084,7.69,7.69,,,Home Decor
SKU0085,Ceiling Light,Ceiling Light — Category: Lighting & Electrical. Condition: New (Open Box). Includes all parts shown in photos.,Lighting & Electrical,1.5,1,New – Open Box,,SKU0085,1.5,1.5,,,Lighting & Electrical
SKU0086,"Yecaye Office Chair Mat for Hardwood Floor, Clear Office","Yecaye Office Chair Mat for Hardwood Floor, Clear Office — Category: Furniture. Condition: New (Open Box). Includes all parts shown in photos.",Furniture,20.99,1,New – Open Box,,SKU0086,20.99,20.99,,,Furniture
SKU0087,Aosky Cordless Roller Blind,Aosky Cordless Roller Blind — Category: Window Treatments. Condition: New (Open Box). Includes all parts shown in photos.,Window Treatments,3,1,New – Open Box,,SKU0087,3,3,,,Window Treatments
SKU0088,Mystery Pallet,Mystery Pallet — Category: Miscellaneous. Condition: New (Open Box). Includes all parts shown in photos.,Miscellaneous,307.5,1,New – Open Box,,SKU0088,307.5,307.5,,,Miscellaneous
SKU0081,Cycling Shorts Size XL,Cycling Shorts Size XL — Category: Apparel. Condition: New (Open Box). Includes all parts shown in photos.,Apparel,3,1,New – Open Box,,SKU0081,3,3,,,Apparel
SKU0082,Wi-Fi Camera,Wi-Fi Camera — Category: Electronics & Small Appliances. Condition: New (Open Box). Includes all parts shown in photos.,Electronics & Small Appliances,22.5,1,New – Open Box,,SKU0082,22.5,22.5,,,Electronics & Small Appliances
SKU0078,"Gray Top, Size XL","Gray Top, Size XL — Category: Miscellaneous. Condition: New (Open Box). Includes all parts shown in photos.",Miscellaneous,3,1,New – Open Box,,SKU0078,3,3,,,Miscellaneous
SKU0079,"Mystery Clothing Item, Size XL","Mystery Clothing Item, Size XL — Category: Miscellaneous. Condition: New (Open Box). Includes all parts shown in photos.",Miscellaneous,3,1,New – Open Box,,SKU0079,3,3,,,Miscellaneous
SKU0080,REMBRANDT Intense Stain Whitening Toothpaste With,REMBRANDT Intense Stain Whitening Toothpaste With — Category: Health & Personal Care. Condition: New (Open Box). Includes all parts shown in photos.,Health & Personal Care,10.49,1,New – Open Box,,SKU0080,10.49,10.49,,,Health & Personal Care
SKU0079,"Mystery Clothing Item, Size XL","Mystery Clothing Item, Size XL — Category: Miscellaneous. Condition: New (Open Box). Includes all parts shown in photos.",Miscellaneous,3,1,New – Open Box,,SKU0079,3,3,,,Miscellaneous
SKU0076,"Threshold Potted Faux Plant, Set of 4","Threshold Potted Faux Plant, Set of 4 — Category: Miscellaneous. Condition: New (Open Box). Includes all parts shown in photos.",Miscellaneous,14,1,New – Open Box,,SKU0076,14,14,,,Miscellaneous
SKU0077,Ainope Car Charger Adapter,Ainope Car Charger Adapter — Category: Electronics & Small Appliances. Condition: New (Open Box). Includes all parts shown in photos.,Electronics & Small Appliances,1.5,1,New – Open Box,,SKU0077,1.5,1.5,,,Electronics & Small Appliances
SKU0063,FULLFITALL Womens Swimsuits Plus Size Tankini Two,FULLFITALL Womens Swimsuits Plus Size Tankini Two — Category: Apparel. Condition: New (Open Box). Includes all parts shown in photos.,Apparel,20.99,1,New – Open Box,,SKU0063,20.99,20.99,,,Apparel
SKU0064,Fullfitall Floral Swimsuit Size 14,Fullfitall Floral Swimsuit Size 14 — Category: Apparel. Condition: New (Open Box). Includes all parts shown in photos.,Apparel,9,1,New – Open Box,,SKU0064,9,9,,,Apparel
SKU0065,Fullfitall Swimsuit Size 14,Fullfitall Swimsuit Size 14 — Category: Apparel. Condition: New (Open Box). Includes all parts shown in photos.,Apparel,9,1,New – Open Box,,SKU0065,9,9,,,Apparel
SKU0063,FULLFITALL Womens Swimsuits Plus Size Tankini Two,FULLFITALL Womens Swimsuits Plus Size Tankini Two — Category: Apparel. Condition: New (Open Box). Includes all parts shown in photos.,Apparel,20.99,1,New – Open Box,,SKU0063,20.99,20.99,,,Apparel
SKU0066,Prinstory Women's Casual Medium Print Clothing Item,Prinstory Women's Casual Medium Print Clothing Item — Category: Miscellaneous. Condition: New (Open Box). Includes all parts shown in photos.,Miscellaneous,4.5,1,New – Open Box,,SKU0066,4.5,4.5,,,Miscellaneous
SKU0067,Premium Ultra Soft Womens High Waisted Capri Leggings -,Premium Ultra Soft Womens High Waisted Capri Leggings - — Category: Apparel. Condition: New (Open Box). Includes all parts shown in photos.,Apparel,6.38,1,New – Open Box,,SKU0067,6.38,6.38,,,Apparel
SKU0068,"MANGDIUP Women's Classic Crewneck T-Shirt (Mocha, XL)","MANGDIUP Women's Classic Crewneck T-Shirt (Mocha, XL) — Category: Apparel. Condition: New (Open Box). Includes all parts shown in photos.",Apparel,4.5,1,New – Open Box,,SKU0068,4.5,4.5,,,Apparel
SKU0069,"Made by Design Non-Stick Cake Pan 9""x13""","Made by Design Non-Stick Cake Pan 9""x13"" — Category: Miscellaneous. Condition: New (Open Box). Includes all parts shown in photos.",Miscellaneous,6,1,New – Open Box,,SKU0069,6,6,,,Miscellaneous
SKU0070,"Bentex MAXXIM Seamless Leggings, Large","Bentex MAXXIM Seamless Leggings, Large — Category: Apparel. Condition: New (Open Box). Includes all parts shown in photos.",Apparel,7.5,1,New – Open Box,,SKU0070,7.5,7.5,,,Apparel
SKU0071,"GRECERELLE Women's Casual Colorblock Tunic, Leopard","GRECERELLE Women's Casual Colorblock Tunic, Leopard — Category: Miscellaneous. Condition: New (Open Box). Includes all parts shown in photos.",Miscellaneous,10.5,1,New – Open Box,,SKU0071,10.5,10.5,,,Miscellaneous
SKU0072,"GRECERELLE Light Blue Floral Dress, Medium","GRECERELLE Light Blue Floral Dress, Medium — Category: Lighting & Electrical. Condition: New (Open Box). Includes all parts shown in photos.",Lighting & Electrical,7.32,1,New – Open Box,,SKU0072,7.32,7.32,,,Lighting & Electrical
SKU0070,"Bentex MAXXIM Seamless Leggings, Large","Bentex MAXXIM Seamless Leggings, Large — Category: Apparel. Condition: New (Open Box). Includes all parts shown in photos.",Apparel,7.5,1,New – Open Box,,SKU0070,7.5,7.5,,,Apparel
SKU0073,MOUEEY Women's Workout Hiking Shorts Running Athletic,MOUEEY Women's Workout Hiking Shorts Running Athletic — Category: Apparel. Condition: New (Open Box). Includes all parts shown in photos.,Apparel,13.99,1,New – Open Box,,SKU0073,13.99,13.99,,,Apparel
SKU0074,Souactimuy Women's Button Down Plaid Shirt,Souactimuy Women's Button Down Plaid Shirt — Category: Apparel. Condition: New (Open Box). Includes all parts shown in photos.,Apparel,4.5,1,New – Open Box,,SKU0074,4.5,4.5,,,Apparel
SKU0075,"Ribbed Midi Dress Orange, Large","Ribbed Midi Dress Orange, Large — Category: Apparel. Condition: New (Open Box). Includes all parts shown in photos.",Apparel,3,1,New – Open Box,,SKU0075,3,3,,,Apparel
SKU0009,Allen+Roth 21-in 3-Light Chrome Modern/Contemporary,Allen+Roth 21-in 3-Light Chrome Modern/Contemporary — Category: Lighting & Electrical. Condition: New (Open Box). Includes all parts shown in photos.,Lighting & Electrical,59.49,1,New – Open Box,,SKU0009,59.49,59.49,,,Lighting & Electrical
SKU0058,3 Pack Molic Dish Drying Mat for Kitchen Counter Easy,3 Pack Molic Dish Drying Mat for Kitchen Counter Easy — Category: Bedding & Textiles. Condition: New (Open Box). Includes all parts shown in photos.,Bedding & Textiles,9,1,New – Open Box,,SKU0058,9,9,,,Bedding & Textiles
SKU0059,"2 Pack Amazon Basics USB-A 3.0 Extension Cable, 4.8Gbps","2 Pack Amazon Basics USB-A 3.0 Extension Cable, 4.8Gbps — Category: Miscellaneous. Condition: New (Open Box). Includes all parts shown in photos.",Miscellaneous,11.94,1,New – Open Box,,SKU0059,11.94,11.94,,,Miscellaneous
SKU0060,4-Piece Cantilever Offset Patio Umbrella Stand Square Base,4-Piece Cantilever Offset Patio Umbrella Stand Square Base — Category: Miscellaneous. Condition: New (Open Box). Includes all parts shown in photos.,Miscellaneous,80.49,1,New – Open Box,,SKU0060,80.49,80.49,,,Miscellaneous
SKU0061,"Kichler Lighting Camerena 36"" 4 Light Vanity Light with White","Kichler Lighting Camerena 36"" 4 Light Vanity Light with White — Category: Lighting & Electrical. Condition: New (Open Box). Includes all parts shown in photos.",Lighting & Electrical,160.99,1,New – Open Box,,SKU0061,160.99,160.99,,,Lighting & Electrical
SKU0061,"Kichler Lighting Camerena 36"" 4 Light Vanity Light with White","Kichler Lighting Camerena 36"" 4 Light Vanity Light with White — Category: Lighting & Electrical. Condition: New (Open Box). Includes all parts shown in photos.",Lighting & Electrical,160.99,1,New – Open Box,,SKU0061,160.99,160.99,,,Lighting & Electrical
SKU0062,Hand Paper Towel Dispenser Square Hand Towel Tray Wall-,Hand Paper Towel Dispenser Square Hand Towel Tray Wall- — Category: Bedding & Textiles. Condition: New (Open Box). Includes all parts shown in photos.,Bedding & Textiles,27.23,1,New – Open Box,,SKU0062,27.23,27.23,,,Bedding & Textiles
SKU0043,HD USB Power Charger Wifi Camera,HD USB Power Charger Wifi Camera — Category: Electronics & Small Appliances. Condition: New (Open Box). Includes all parts shown in photos.,Electronics & Small Appliances,6,1,New – Open Box,,SKU0043,6,6,,,Electronics & Small Appliances
SKU0044,LASFIT LED Lighting LC6 9005 Headlight Bulbs,LASFIT LED Lighting LC6 9005 Headlight Bulbs — Category: Automotive. Condition: New (Open Box). Includes all parts shown in photos.,Automotive,6,1,New – Open Box,,SKU0044,6,6,,,Automotive
SKU0045,Hapi Life XL All Purpose Bag with Carabiner & Zipper on Top,Hapi Life XL All Purpose Bag with Carabiner & Zipper on Top — Category: Miscellaneous. Condition: New (Open Box). Includes all parts shown in photos.,Miscellaneous,3,1,New – Open Box,,SKU0045,3,3,,,Miscellaneous
SKU0046,Truck Running Boards,Truck Running Boards — Category: Miscellaneous. Condition: New (Open Box). Includes all parts shown in photos.,Miscellaneous,3,1,New – Open Box,,SKU0046,3,3,,,Miscellaneous
SKU0047,Set of 2 Amazon Essentials Men's Full-Zip Polar Fleece Vest,Set of 2 Amazon Essentials Men's Full-Zip Polar Fleece Vest — Category: Miscellaneous. Condition: New (Open Box). Includes all parts shown in photos.,Miscellaneous,24.36,1,New – Open Box,,SKU0047,24.36,24.36,,,Miscellaneous
SKU0048,7inch HDMI LCD B for Various Systems Raspberry,7inch HDMI LCD B for Various Systems Raspberry — Category: Miscellaneous. Condition: New (Open Box). Includes all parts shown in photos.,Miscellaneous,34.99,1,New – Open Box,,SKU0048,34.99,34.99,,,Miscellaneous
SKU0049,Oucam P2 Mini Wireless WIFI Camera,Oucam P2 Mini Wireless WIFI Camera — Category: Electronics & Small Appliances. Condition: New (Open Box). Includes all parts shown in photos.,Electronics & Small Appliances,3,1,New – Open Box,,SKU0049,3,3,,,Electronics & Small Appliances
SKU0050,"Cat Backpack Carrier, Pet Cat Carrier with Ventilated Design","Cat Backpack Carrier, Pet Cat Carrier with Ventilated Design — Category: Pet Supplies. Condition: New (Open Box). Includes all parts shown in photos.",Pet Supplies,18.89,1,New – Open Box,,SKU0050,18.89,18.89,,,Pet Supplies
SKU0051,"SimpleHome 100% Blackout Curtains for Bedroom,Thermal","SimpleHome 100% Blackout Curtains for Bedroom,Thermal — Category: Bedding & Textiles. Condition: New (Open Box). Includes all parts shown in photos.",Bedding & Textiles,20.29,1,New – Open Box,,SKU0051,20.29,20.29,,,Bedding & Textiles
SKU0052,FEMELI Acrylic Floating Shelves,FEMELI Acrylic Floating Shelves — Category: Miscellaneous. Condition: New (Open Box). Includes all parts shown in photos.,Miscellaneous,3,1,New – Open Box,,SKU0052,3,3,,,Miscellaneous
SKU0053,"Drillmaster 120V 7-1/4"" Circular Saw","Drillmaster 120V 7-1/4"" Circular Saw — Category: Tools & Hardware. Condition: New (Open Box). Includes all parts shown in photos.",Tools & Hardware,20.99,1,New – Open Box,,SKU0053,20.99,20.99,,,Tools & Hardware
SKU0054,"Govee 32.8ft RGBIC LED Strip Lights, WiFi Color Changing","Govee 32.8ft RGBIC LED Strip Lights, WiFi Color Changing — Category: Lighting & Electrical. Condition: New (Open Box). Includes all parts shown in photos.",Lighting & Electrical,34.99,1,New – Open Box,,SKU0054,34.99,34.99,,,Lighting & Electrical
SKU0055,Multifunctional Portable Reading Book Stand (Black),Multifunctional Portable Reading Book Stand (Black) — Category: Furniture. Condition: New (Open Box). Includes all parts shown in photos.,Furniture,4.5,1,New – Open Box,,SKU0055,4.5,4.5,,,Furniture
SKU0056,Segal S 4752 Fixed Window Guard – Adjustable Child Safety,Segal S 4752 Fixed Window Guard – Adjustable Child Safety — Category: Furniture. Condition: New (Open Box). Includes all parts shown in photos.,Furniture,25.14,1,New – Open Box,,SKU0056,25.14,25.14,,,Furniture
SKU0057,"Teckin SP20 Smart Wi-Fi Plug, 4 Pack","Teckin SP20 Smart Wi-Fi Plug, 4 Pack — Category: Miscellaneous. Condition: New (Open Box). Includes all parts shown in photos.",Miscellaneous,20.99,1,New – Open Box,,SKU0057,20.99,20.99,,,Miscellaneous
SKU0016,"L-Shaped Corner Desk, White","L-Shaped Corner Desk, White — Category: Furniture. Condition: New (Open Box). Includes all parts shown in photos.",Furniture,24,1,New – Open Box,,SKU0016,24,24,,,Furniture
SKU0017,Abstract Modern Picture Wall Art: Blue Artwork Painting on,Abstract Modern Picture Wall Art: Blue Artwork Painting on — Category: Home Decor. Condition: New (Open Box). Includes all parts shown in photos.,Home Decor,75.59,1,New – Open Box,,SKU0017,75.59,75.59,,,Home Decor
SKU0018,"Regalo 56-Inch Extra WideSpan Walk Through Baby Gate,","Regalo 56-Inch Extra WideSpan Walk Through Baby Gate, — Category: Baby & Safety. Condition: New (Open Box). Includes all parts shown in photos.",Baby & Safety,45.49,1,New – Open Box,,SKU0018,45.49,45.49,,,Baby & Safety
SKU0019,Coaster Home Furnishings Marbrisa Slat Back Side Chairs,Coaster Home Furnishings Marbrisa Slat Back Side Chairs — Category: Furniture. Condition: New (Open Box). Includes all parts shown in photos.,Furniture,122.5,1,New – Open Box,,SKU0019,122.5,122.5,,,Furniture
SKU0020,Roomratv Flush Mount Ceiling Light with Night Light and,Roomratv Flush Mount Ceiling Light with Night Light and — Category: Lighting & Electrical. Condition: New (Open Box). Includes all parts shown in photos.,Lighting & Electrical,10.5,1,New – Open Box,,SKU0020,10.5,10.5,,,Lighting & Electrical
SKU0021,Summer Infant Wood Banister & Stair Safety Pet and Baby,Summer Infant Wood Banister & Stair Safety Pet and Baby — Category: Pet Supplies. Condition: New (Open Box). Includes all parts shown in photos.,Pet Supplies,83.99,1,New – Open Box,,SKU0021,83.99,83.99,,,Pet Supplies
SKU0022,"LED Picture Light Fixtures 16.54 Inches, Modern Metal","LED Picture Light Fixtures 16.54 Inches, Modern Metal — Category: Lighting & Electrical. Condition: New (Open Box). Includes all parts shown in photos.",Lighting & Electrical,48.22,1,New – Open Box,,SKU0022,48.22,48.22,,,Lighting & Electrical
SKU0023,"Sun Smart Blakesly Blackout Curtains Patio Window, Ikat","Sun Smart Blakesly Blackout Curtains Patio Window, Ikat — Category: Bedding & Textiles. Condition: New (Open Box). Includes all parts shown in photos.",Bedding & Textiles,25.89,1,New – Open Box,,SKU0023,25.89,25.89,,,Bedding & Textiles
SKU0024,Hampton Bay Olgelthorpe 22 in. 3-Light Brushed Nickel,Hampton Bay Olgelthorpe 22 in. 3-Light Brushed Nickel — Category: Lighting & Electrical. Condition: New (Open Box). Includes all parts shown in photos.,Lighting & Electrical,55.98,1,New – Open Box,,SKU0024,55.98,55.98,,,Lighting & Electrical
SKU0025,Shur-Line Edger Pro Paint Edger,Shur-Line Edger Pro Paint Edger — Category: Miscellaneous. Condition: New (Open Box). Includes all parts shown in photos.,Miscellaneous,4.19,1,New – Open Box,,SKU0025,4.19,4.19,,,Miscellaneous
SKU0026,Drop-In Oval Bathroom Sinkg,Drop-In Oval Bathroom Sinkg — Category: Miscellaneous. Condition: New (Open Box). Includes all parts shown in photos.,Miscellaneous,114.53,1,New – Open Box,,SKU0026,114.53,114.53,,,Miscellaneous
SKU0027,Swiss Madison Well Made Forever SM-WC124 Wall Bidet,Swiss Madison Well Made Forever SM-WC124 Wall Bidet — Category: Miscellaneous. Condition: New (Open Box). Includes all parts shown in photos.,Miscellaneous,90.54,1,New – Open Box,,SKU0027,90.54,90.54,,,Miscellaneous
SKU0028,"Flash Furniture Replacement Table Base 22""x22"" BASE","Flash Furniture Replacement Table Base 22""x22"" BASE — Category: Furniture. Condition: New (Open Box). Includes all parts shown in photos.",Furniture,7.5,1,New – Open Box,,SKU0028,7.5,7.5,,,Furniture
SKU0029,"Bostitch Collated 3 in. x .120 15 Deg., Framing Nail, 2,700","Bostitch Collated 3 in. x .120 15 Deg., Framing Nail, 2,700 — Category: Tools & Hardware. Condition: New (Open Box). Includes all parts shown in photos.",Tools & Hardware,66.49,1,New – Open Box,,SKU0029,66.49,66.49,,,Tools & Hardware
SKU0030,"Tioncy 2pcs Multifunction Containers for Restaurant, White","Tioncy 2pcs Multifunction Containers for Restaurant, White — Category: Miscellaneous. Condition: New (Open Box). Includes all parts shown in photos.",Miscellaneous,7.5,1,New – Open Box,,SKU0030,7.5,7.5,,,Miscellaneous
SKU0031,Cross Nail Charm Silver Decorations (Retro Silver),Cross Nail Charm Silver Decorations (Retro Silver) — Category: Tools & Hardware. Condition: New (Open Box). Includes all parts shown in photos.,Tools & Hardware,3,1,New – Open Box,,SKU0031,3,3,,,Tools & Hardware
SKU0032,Tumbler with Handle,Tumbler with Handle — Category: Miscellaneous. Condition: New (Open Box). Includes all parts shown in photos.,Miscellaneous,9,1,New – Open Box,,SKU0032,9,9,,,Miscellaneous
SKU0033,"Home Brilliant Decor Throw Pillow Case 12x20, Black","Home Brilliant Decor Throw Pillow Case 12x20, Black — Category: Bedding & Textiles. Condition: New (Open Box). Includes all parts shown in photos.",Bedding & Textiles,1.5,1,New – Open Box,,SKU0033,1.5,1.5,,,Bedding & Textiles
SKU0033,"Home Brilliant Decor Throw Pillow Case 12x20, Black","Home Brilliant Decor Throw Pillow Case 12x20, Black — Category: Bedding & Textiles. Condition: New (Open Box). Includes all parts shown in photos.",Bedding & Textiles,1.5,1,New – Open Box,,SKU0033,1.5,1.5,,,Bedding & Textiles
SKU0034,Mystery Jewelry Item,Mystery Jewelry Item — Category: Miscellaneous. Condition: New (Open Box). Includes all parts shown in photos.,Miscellaneous,3,1,New – Open Box,,SKU0034,3,3,,,Miscellaneous
SKU0035,10 Pairs LAICIGO Women's Closed Pointed Toe Knot Ankle,10 Pairs LAICIGO Women's Closed Pointed Toe Knot Ankle — Category: Miscellaneous. Condition: New (Open Box). Includes all parts shown in photos.,Miscellaneous,1.5,1,New – Open Box,,SKU0035,1.5,1.5,,,Miscellaneous
SKU0036,CucinaPro Meat Grinder Accessories,CucinaPro Meat Grinder Accessories — Category: Miscellaneous. Condition: New (Open Box). Includes all parts shown in photos.,Miscellaneous,3,1,New – Open Box,,SKU0036,3,3,,,Miscellaneous
SKU0037,3-Panel Wrought Iron Metal Fireplace Screen Cover w/ Scroll,3-Panel Wrought Iron Metal Fireplace Screen Cover w/ Scroll — Category: Miscellaneous. Condition: New (Open Box). Includes all parts shown in photos.,Miscellaneous,153.29,1,New – Open Box,,SKU0037,153.29,153.29,,,Miscellaneous
SKU0038,3-Light Vanity Wall Sconce with Frosted Glass,3-Light Vanity Wall Sconce with Frosted Glass — Category: Lighting & Electrical. Condition: New (Open Box). Includes all parts shown in photos.,Lighting & Electrical,4.5,1,New – Open Box,,SKU0038,4.5,4.5,,,Lighting & Electrical
SKU0039,"Mainstays 1"" Cordless Vinyl Light Filtering Blinds, 1-Piece,","Mainstays 1"" Cordless Vinyl Light Filtering Blinds, 1-Piece, — Category: Lighting & Electrical. Condition: New (Open Box). Includes all parts shown in photos.",Lighting & Electrical,11.18,1,New – Open Box,,SKU0039,11.18,11.18,,,Lighting & Electrical
SKU0040,Bamboo Blinds,Bamboo Blinds — Category: Window Treatments. Condition: New (Open Box). Includes all parts shown in photos.,Window Treatments,3,1,New – Open Box,,SKU0040,3,3,,,Window Treatments
SKU0041,Flynix Bathroom Vanity Light 24 Inch 20W Modern Wall Light,Flynix Bathroom Vanity Light 24 Inch 20W Modern Wall Light — Category: Lighting & Electrical. Condition: New (Open Box). Includes all parts shown in photos.,Lighting & Electrical,39.19,1,New – Open Box,,SKU0041,39.19,39.19,,,Lighting & Electrical
SKU0042,Electric Trailer Jack,Electric Trailer Jack — Category: Miscellaneous. Condition: New (Open Box). Includes all parts shown in photos.,Miscellaneous,69,1,New – Open Box,,SKU0042,69,69,,,Miscellaneous
SKU0004,"wansview Outdoor Security Camera, 1080P Wireless WiFi","wansview Outdoor Security Camera, 1080P Wireless WiFi — Category: Electronics & Small Appliances. Condition: New (Open Box). Includes all parts shown in photos.",Electronics & Small Appliances,37.5,1,New – Open Box,,SKU0004,37.5,37.5,,,Electronics & Small Appliances
SKU0005,Hampton Bay 3-Light White Ceiling Spotlight,Hampton Bay 3-Light White Ceiling Spotlight — Category: Lighting & Electrical. Condition: New (Open Box). Includes all parts shown in photos.,Lighting & Electrical,17.48,1,New – Open Box,,SKU0005,17.48,17.48,,,Lighting & Electrical
SKU0006,Convertible Backpack Messenger Shoulder bag Laptop Case,Convertible Backpack Messenger Shoulder bag Laptop Case — Category: Apparel. Condition: New (Open Box). Includes all parts shown in photos.,Apparel,37.09,1,New – Open Box,,SKU0006,37.09,37.09,,,Apparel
SKU0007,"36"" Wood Mantel Shelf Brown - Hearth & Hand™ with","36"" Wood Mantel Shelf Brown - Hearth & Hand™ with — Category: Furniture. Condition: New (Open Box). Includes all parts shown in photos.",Furniture,20.99,1,New – Open Box,,SKU0007,20.99,20.99,,,Furniture
SKU0008,Glass Cutting Board,Glass Cutting Board — Category: Miscellaneous. Condition: New (Open Box). Includes all parts shown in photos.,Miscellaneous,15,1,New – Open Box,,SKU0008,15,15,,,Miscellaneous
SKU0009,Allen+Roth 21-in 3-Light Chrome Modern/Contemporary,Allen+Roth 21-in 3-Light Chrome Modern/Contemporary — Category: Lighting & Electrical. Condition: New (Open Box). Includes all parts shown in photos.,Lighting & Electrical,59.49,1,New – Open Box,,SKU0009,59.49,59.49,,,Lighting & Electrical
SKU0010,Charcoal Grill,Charcoal Grill — Category: Miscellaneous. Condition: New (Open Box). Includes all parts shown in photos.,Miscellaneous,18,1,New – Open Box,,SKU0010,18,18,,,Miscellaneous
SKU0011,Duralast Gold C.V. Shaft Assembly,Duralast Gold C.V. Shaft Assembly — Category: Miscellaneous. Condition: New (Open Box). Includes all parts shown in photos.,Miscellaneous,6,1,New – Open Box,,SKU0011,6,6,,,Miscellaneous
SKU0012,VCNY 84-inch Blackout Panel Pair Curtain,VCNY 84-inch Blackout Panel Pair Curtain — Category: Bedding & Textiles. Condition: New (Open Box). Includes all parts shown in photos.,Bedding & Textiles,4.5,1,New – Open Box,,SKU0012,4.5,4.5,,,Bedding & Textiles
SKU0013,"BGment Privacy Blackout Curtain Panel 7ft Tall, Navy Blue","BGment Privacy Blackout Curtain Panel 7ft Tall, Navy Blue — Category: Bedding & Textiles. Condition: New (Open Box). Includes all parts shown in photos.",Bedding & Textiles,6,1,New – Open Box,,SKU0013,6,6,,,Bedding & Textiles
SKU0014,Mystery Item,Mystery Item — Category: Miscellaneous. Condition: New (Open Box). Includes all parts shown in photos.,Miscellaneous,37.5,1,New – Open Box,,SKU0014,37.5,37.5,,,Miscellaneous
SKU0015,Bamboo Pendant Light,Bamboo Pendant Light — Category: Lighting & Electrical. Condition: New (Open Box). Includes all parts shown in photos.,Lighting & Electrical,9,1,New – Open Box,,SKU0015,9,9,,,Lighting & Electrical
SKU0001,VEVOR Commercial Indoor Air Curtain Super Power 2,VEVOR Commercial Indoor Air Curtain Super Power 2 — Category: Bedding & Textiles. Condition: New (Open Box). Includes all parts shown in photos.,Bedding & Textiles,107.79,1,New – Open Box,,SKU0001,107.79,107.79,,,Bedding & Textiles
SKU0002,"Beauty Accessories, 2 Pairs if Earrings, 1 Headband","Beauty Accessories, 2 Pairs if Earrings, 1 Headband — Category: Miscellaneous. Condition: New (Open Box). Includes all parts shown in photos.",Miscellaneous,1.5,1,New – Open Box,,SKU0002,1.5,1.5,,,Miscellaneous
SKU0003,HeimVision HM211 Outdoor Wi-Fi Security Camera,HeimVision HM211 Outdoor Wi-Fi Security Camera — Category: Electronics & Small Appliances. Condition: New (Open Box). Includes all parts shown in photos.,Electronics & Small Appliances,37.5,1,New – Open Box,,SKU0003,37.5,37.5,,,Electronics & Small Appliances